Family,Genus,Species,TAG,DBH,Colony,Foraged,Distance,Succession
leguminosae,lonchocarpus,Lonchocarpus_oliganthus,4,26.9,1,0,13.14623696,NA
araliaceae,dendropanax,Dendropanax_arboreus,7,35.3,1,0,37.60590058,NA
myristicaceae,compsoneura,Compsoneura_sprucei,9,8.2,1,1,44.61462979,NA
apocynaceae,peschiera,Peschiera_arborea,10,61.2,1,1,4.326611117,NA
capparaceae,capparis,Capparis_pittieri,11,13.2,1,0,13.44573265,NA
capparaceae,capparis,Capparis_pittieri,12,17.3,1,0,16.97437295,NA
arecaceae,welfia,Welfia_regia,14,16.2,1,0,16.10693869,NA
rubiaceae,warscewiczia,Warscewiczia_coccinea,18,23.5,9,0,3.728946127,NA
meliaceae,guarea,Guarea_rhopalocarpa,20,24,9,0,13.34425121,NA
leguminosae,andira,Andira_inermis,21,23.9,9,1,15.54289044,n
rubiaceae,posoqueria,Posoqueria_latifolia,24,15.1,9,0,9.613957812,NA
rubiaceae,simira,Simira_maxonii,25,46.9,9,0,22.1701996,NA
malvaceae,luehea,Luehea_seemannii,26,54,9,0,34.37773304,c
sabiaceae,meliosma,Meliosma_donnell-smithii,30,19,9,0,37.4555756,NA
lauraceae,ocotea,Ocotea_hartshorniana,31,35,9,0,47.98565135,NA
leguminosae,inga,Inga_paterno,34,34.5,7,0,21.07448336,NA
elaeocarpaceae,sloanea,Sloanea_geniculata,35,37,7,1,16.79413529,NA
rubiaceae,simira,Simira_maxonii,36,50.4,7,1,6.176268749,NA
leguminosae,erythrina,Erythrina_cochleata,37,64,7,0,22.63893921,NA
leguminosae,pentaclethra,Pentaclethra_macroloba,38,74.7,5,0,27.58972215,NA
leguminosae,balizia,Balizia_elegans,39,77,5,0,27.96058505,NA
moraceae,naucleopsis,Naucleopsis_naga,41,24.2,5,0,22.7737994,NA
leguminosae,pentaclethra,Pentaclethra_macroloba,42,69,7,0,25.99819189,NA
sapotaceae,pouteria,Pouteria_glomerulata,44,46.5,5,0,11.30630965,NA
myrsinaceae,ardisia,Ardisia_granatensis,45,21.7,5,0,18.29810503,NA
myristicaceae,virola,Virola_koschnyi,46,84,5,0,30.13965973,NA
meliaceae,guarea,Guarea_rhopalocarpa,48,23.5,5,0,12.93678941,NA
apocynaceae,rauvolfia,Rauvolfia_purpurascens,49,41.3,5,1,18.33682772,NA
phyllanthaceae,hyeronima,Hyeronima_alchorneoides,50,79.5,5,0,28.24808471,c
myristicaceae,virola,Virola_koschnyi,53,66.5,8,0,14.12183909,NA
hernandiaceae,hernandia,Hernandia_stenura,54,49.8,6,0,32.40462143,NA
burseraceae,protium,Protium_panamense,55,30.5,6,0,33.92255786,n
burseraceae,protium,Protium_panamense,55,30.5,8,0,10.67484376,n
leguminosae,pterocarpus,Pterocarpus_rohrii,56,22.8,4,0,44.06043236,n
leguminosae,pterocarpus,Pterocarpus_rohrii,56,22.8,6,0,29.07223024,n
leguminosae,pterocarpus,Pterocarpus_rohrii,56,22.8,8,0,22.12349473,n
moraceae,clarisia,Clarisia_mexicana,57,71.5,6,1,18.38318487,NA
phyllanthaceae,richeria,Richeria_dressleri,59,63,6,0,23.61314063,NA
rubiaceae,pentagonia,Pentagonia_donnell-smithii,62,10,6,0,29.01684123,NA
rubiaceae,warscewiczia,Warscewiczia_coccinea,63,27.6,4,0,30.8087731,NA
rubiaceae,ocotea,Ocotea_meziana,64,24.1,4,0,31.95776119,NA
rubiaceae,psychotria,Psychotria_panamensis,65,4.4,9,0,13.85235942,NA
sapotaceae,pouteria,Pouteria_torta,66,37.5,4,1,33.08618141,NA
leguminosae,andira,Andira_inermis,67,29.5,4,0,28.67874649,n
burseraceae,protium,Protium_panamense,69,55,9,0,17.6690338,n
sabiaceae,meliosma,Meliosma_donnell-smithii,71,19.4,7,0,19.79776357,NA
sapotaceae,chrysophyllum,Chrysophyllum_venezuelanense,73,16.5,7,0,36.90621393,NA
sapotaceae,chrysophyllum,Chrysophyllum_venezuelanense,73,16.5,9,0,52.93771713,NA
arecaceae,welfia,Welfia_regia,75,19.3,5,0,26.50468151,NA
burseraceae,protium,Protium_costaricense,76,11.3,7,0,49.79524703,n
leguminosae,swartzia,Swartzia_simplex,78,10.4,4,0,16.38026251,n
capparaceae,capparis,Capparis_pittieri,79,14.2,4,0,17.62512411,NA
boraginaceae,cordia,Cordia_alliodora,80,54,5,0,14.16646368,c
malvaceae,ceiba,Ceiba_pentandra,92,83.5,4,1,41.15497661,NA
myristicaceae,virola,Virola_koschnyi,94,68,1,1,18.17549919,NA
sapotaceae,chrysophyllum,Chrysophyllum_venezuelanense,96,13.3,8,0,37.59964414,NA
moraceae,sorocea,Sorocea_pubivena,100,17.5,6,0,6.812020081,NA
melastomataceae,miconia,Miconia_multispicata,101,45.1,7,0,48.9307815,NA
burseraceae,protium,Protium_panamense,119,47.5,1,0,32.46422983,n
apocynaceae,lacmellea,Lacmellea_panamensis,120,47.5,1,1,40.2432501,n
moraceae,brosimum,Brosimum_lactescens,121,23.1,1,0,39.9062679,NA
moraceae,castilla,Castilla_elastica,124,47.5,4,0,16.6251406,NA
malvaceae,goethalsia,Goethalsia_meiantha,126,67.5,10,0,14.44008656,NA
leguminosae,stryphnodendron,Stryphnodendron_microstachyum,127,69.5,8,0,27.05133359,NA
leguminosae,stryphnodendron,Stryphnodendron_microstachyum,127,69.5,10,0,2.902447243,NA
leguminosae,pentaclethra,Pentaclethra_macroloba,129,69.9,4,0,61.8528908,NA
arecaceae,bactris,Bactris_coloradensis,131,5.7,1,0,26.96105562,NA
leguminosae,macrolobium,Macrolobium_costaricense,135,3.7,4,0,22.47363344,NA
leguminosae,macrolobium,Macrolobium_costaricense,135,3.7,8,0,28.64565009,NA
humiriaceae,sacoglottis,Sacoglottis_trichogyna,140,52.5,7,1,9.555531516,NA
leguminosae,pentaclethra,Pentaclethra_macroloba,148,61.5,4,0,32.15042924,NA
arecaceae,welfia,Welfia_regia,154,18.9,6,0,30.73556196,NA
rubiaceae,simira,Simira_maxonii,155,52.5,4,0,27.87128451,NA
rubiaceae,simira,Simira_maxonii,155,52.5,8,0,33.12104904,NA
combretaceae,terminalia,Terminalia_oblonga,156,97,4,1,9.242391465,NA
rubiaceae,simira,Simira_maxonii,163,41.8,9,0,4.911539809,NA
leguminosae,stryphnodendron,Stryphnodendron_microstachyum,169,58.5,7,1,25.81986392,NA
leguminosae,stryphnodendron,Stryphnodendron_microstachyum,171,53.9,6,0,33.80494314,NA
leguminosae,stryphnodendron,Stryphnodendron_microstachyum,172,56.5,6,0,29.59032604,NA
meliaceae,cedrela,Cedrela_odorata,186,58.5,8,1,26.63806373,NA
meliaceae,cedrela,Cedrela_odorata,186,58.5,10,1,7.164949407,NA
ulmaceae,ampelocera,Ampelocera_macrocarpa,187,97,4,0,39.41559336,NA
annonaceae,rollinia,Rollinia_pittieri,191,65.5,4,0,49.31343123,NA
annonaceae,rollinia,Rollinia_pittieri,191,65.5,8,0,36.51304191,NA
meliaceae,cedrela,Cedrela_odorata,192,75.5,5,0,34.58706633,NA
combretaceae,terminalia,Terminalia_amazonia,193,4.1,4,0,3.72484899,c
annonaceae,guatteria,Guatteria_aeruginosa,195,30.8,5,0,24.69597263,NA
leguminosae,lonchocarpus,Lonchocarpus_oliganthus,196,25.5,10,1,22.53127826,NA
euphorbiaceae,sapium,Sapium_glandulosum,197,53.6,4,1,15.02011984,NA
rhizophoraceae,cassipourea,Cassipourea_elliptica,198,17.4,4,0,15.70345822,n
rubiaceae,genipa,Genipa_americana,199,63.5,1,0,19.34669433,NA
rubiaceae,simira,Simira_maxonii,203,41.8,4,0,22.47533092,NA
rubiaceae,simira,Simira_maxonii,206,48,4,1,24.28173182,NA
rubiaceae,simira,Simira_maxonii,206,48,8,0,40.11793576,NA
rubiaceae,simira,Simira_maxonii,207,35.2,4,0,42.40381115,NA
rubiaceae,simira,Simira_maxonii,207,35.2,8,1,19.4712891,NA
rubiaceae,simira,Simira_maxonii,210,71,5,0,10.46896507,NA
sterculiaceae,herrania,Herrania_purpurea,213,5.2,1,0,7.706454871,c
leguminosae,hymenolobium,Hymenolobium_mesoamericanum,218,4.2,9,0,31.27070935,NA
boraginaceae,cordia,Cordia_alliodora,220,38.5,9,0,25.76932363,c
leguminosae,pentaclethra,Pentaclethra_macroloba,221,82.5,5,0,30.59389353,NA
leguminosae,pentaclethra,Pentaclethra_macroloba,221,82.5,7,0,33.76383672,NA
leguminosae,stryphnodendron,Stryphnodendron_microstachyum,223,88.1,5,0,15.61234889,NA
leguminosae,stryphnodendron,Stryphnodendron_microstachyum,223,88.1,10,1,13.9113371,NA
boraginaceae,cordia,Cordia_alliodora,232,23,6,0,33.64266307,c
leguminosae,pterocarpus,Pterocarpus_rohrii,233,23.5,5,0,11.75673757,n
moraceae,castilla,Castilla_elastica,235,45.8,5,0,26.89662599,NA
leguminosae,hymenolobium,Hymenolobium_mesoamericanum,236,6.4,7,0,34.45664883,NA
leguminosae,pentaclethra,Pentaclethra_macroloba,238,46.5,7,0,33.14222801,NA
leguminosae,inga,Inga_paterno,240,24.5,8,0,27.48547233,NA
leguminosae,inga,Inga_paterno,240,24.5,10,0,1.918593235,NA
hernandiaceae,hernandia,Hernandia_stenura,241,36.5,5,0,28.63762106,NA
leguminosae,pentaclethra,Pentaclethra_macroloba,243,96.6,5,0,31.10400902,NA
sapotaceae,chrysophyllum,Chrysophyllum_venezuelanense,248,11.3,5,0,21.06230278,NA
leguminosae,pentaclethra,Pentaclethra_macroloba,250,61,5,1,24.87466364,NA
moraceae,naucleopsis,Naucleopsis_naga,252,21.9,5,0,18.82545706,NA
rhamnaceae,colubrina,Colubrina_spinosa,257,19.8,8,0,32.81223475,NA
rhamnaceae,colubrina,Colubrina_spinosa,257,19.8,10,0,7.927937941,NA
boraginaceae,cordia,Cordia_alliodora,258,35.9,6,0,31.79906743,c
olacaceae,minquartia,Minquartia_guianensis,259,2.7,8,1,73.8324604,NA
leguminosae,dussia,Dussia_macroprophyllata,261,54.5,5,0,13.49204833,NA
leguminosae,pterocarpus,Pterocarpus_rohrii,263,50,6,0,38.1075147,n
leguminosae,hymenolobium,Hymenolobium_mesoamericanum,266,27.6,4,0,41.74424152,NA
boraginaceae,cordia,Cordia_alliodora,267,32,6,0,44.89912633,c
violaceae,rinorea,Rinorea_deflexiflora,271,13.5,4,0,46.27968237,NA
violaceae,rinorea,Rinorea_deflexiflora,271,13.5,8,0,29.17179613,NA
violaceae,rinorea,Rinorea_deflexiflora,271,13.5,10,0,16.44241466,NA
boraginaceae,cordia,Cordia_alliodora,272,36.4,7,1,45.50855844,c
leguminosae,pterocarpus,Pterocarpus_rohrii,273,7.8,7,0,44.84434619,n
leguminosae,pterocarpus,Pterocarpus_rohrii,274,42.4,5,0,9.916062288,n
rubiaceae,pentagonia,Pentagonia_donnell-smithii,275,7.2,5,0,18.64903268,NA
leguminosae,pterocarpus,Pterocarpus_rohrii,276,27.4,5,1,13.85351841,n
leguminosae,pterocarpus,Pterocarpus_rohrii,284,65.8,5,0,21.42435126,n
phyllanthaceae,hyeronima,Hyeronima_alchorneoides,285,76,5,1,2.640585985,c
leguminosae,pentaclethra,Pentaclethra_macroloba,286,57.8,7,1,31.78324643,NA
leguminosae,lonchocarpus,Lonchocarpus_oliganthus,287,23.8,5,1,14.21576904,NA
leguminosae,swartzia,Swartzia_cubensis,289,79.5,8,0,9.506475122,NA
boraginaceae,cordia,Cordia_alliodora,293,43,7,1,35.93301482,c
leguminosae,pentaclethra,Pentaclethra_macroloba,295,57,8,1,16.33447671,NA
moraceae,naucleopsis,Naucleopsis_naga,296,17.9,8,0,32.05873858,NA
moraceae,naucleopsis,Naucleopsis_naga,296,17.9,10,0,7.781953482,NA
rubiaceae,pentagonia,Pentagonia_donnell-smithii,300,9.5,6,0,26.83148773,NA
elaeocarpaceae,sloanea,Sloanea_laevigata,301,7.5,7,0,26.61732785,NA
leguminosae,pentaclethra,Pentaclethra_macroloba,323,55,9,0,11.90366191,NA
leguminosae,pterocarpus,Pterocarpus_rohrii,324,42.5,9,0,17.83962222,n
hernandiaceae,hernandia,Hernandia_didymantha,327,67,9,0,21.80606873,NA
rubiaceae,simira,Simira_maxonii,330,34.7,9,0,15.35395592,NA
leguminosae,inga,Inga_paterno,332,49.1,9,1,24.22904714,NA
leguminosae,swartzia,Swartzia_simplex,333,10.1,9,0,24.77883031,n
leguminosae,dussia,Dussia_tessmannii,334,13.9,7,0,18.47104477,NA
boraginaceae,cordia,Cordia_alliodora,336,36.9,9,0,33.72208058,c
boraginaceae,cordia,Cordia_alliodora,337,37.9,9,0,36.64971322,c
leguminosae,pterocarpus,Pterocarpus_officinalis,338,43,9,1,39.6388489,NA
myrsinaceae,parathesis,Parathesis_chrysophylla,340,19.5,5,0,26.67441613,NA
boraginaceae,cordia,Cordia_alliodora,345,45,9,0,38.75773302,c
rubiaceae,warscewiczia,Warscewiczia_coccinea,346,24.1,9,0,11.59311754,NA
annonaceae,guatteria,Guatteria_diospyriodes,347,14.2,5,0,20.82831434,NA
leguminosae,pentaclethra,Pentaclethra_macroloba,348,73,9,0,4.853784756,NA
rubiaceae,simira,Simira_maxonii,349,44,9,0,14.10452544,NA
violaceae,rinorea,Rinorea_deflexiflora,351,15.3,1,1,14.86336172,NA
leguminosae,pterocarpus,Pterocarpus_rohrii,352,32.2,1,0,10.63356253,n
euphorbiaceae,hura,Hura_crepitans,354,13.1,8,0,13.49935181,NA
leguminosae,pterocarpus,Pterocarpus_rohrii,355,15.3,10,0,14.0413817,n
leguminosae,lonchocarpus,Lonchocarpus_pentaphyllus,356,15.6,1,0,16.48838912,NA
meliaceae,guarea,Guarea_bullata,361,34.7,1,0,23.7188642,NA
rubiaceae,simira,Simira_maxonii,362,46.9,1,0,16.92818092,NA
apocynaceae,rauvolfia,Rauvolfia_purpurascens,364,30,1,0,23.78226115,NA
cecropiaceae,cecropia,Cecropia_obtusifolia,365,25,6,0,23.09181351,c
rubiaceae,warscewiczia,Warscewiczia_coccinea,368,16.5,1,0,20.23804066,NA
boraginaceae,cordia,Cordia_alliodora,375,46.9,9,0,21.62634241,c
boraginaceae,cordia,Cordia_alliodora,377,43.8,9,1,11.29073587,c
boraginaceae,cordia,Cordia_alliodora,378,34,9,0,11.82043777,c
boraginaceae,cordia,Cordia_alliodora,379,22.3,9,0,16.23106801,c
boraginaceae,cordia,Cordia_alliodora,380,30.5,9,1,15.54288806,c
boraginaceae,cordia,Cordia_alliodora,381,48.5,9,1,10.88730264,c
boraginaceae,cordia,Cordia_alliodora,382,40.1,9,1,5.717907386,c
caricaceae,jacaratia,Jacaratia_dolichaula,383,5.2,9,0,20.51048471,NA
moraceae,brosimum,Brosimum_lactescens,384,25,9,0,22.89576064,NA
boraginaceae,cordia,Cordia_alliodora,385,49.5,9,0,24.343067,c
boraginaceae,cordia,Cordia_alliodora,387,36.3,9,0,34.75600678,c
boraginaceae,cordia,Cordia_alliodora,388,38,9,1,36.21238799,c
boraginaceae,cordia,Cordia_alliodora,389,32.3,9,0,40.55033896,c
boraginaceae,cordia,Cordia_alliodora,392,36.4,9,0,30.0278116,c
boraginaceae,cordia,Cordia_alliodora,393,53,9,0,31.63938227,c
boraginaceae,cordia,Cordia_alliodora,394,21.9,9,0,26.68147404,c
rubiaceae,simira,Simira_maxonii,395,39,9,0,33.1007703,NA
boraginaceae,cordia,Cordia_alliodora,396,23.7,9,0,31.02071836,c
boraginaceae,cordia,Cordia_alliodora,398,15.1,9,0,25.73065249,c
boraginaceae,cordia,Cordia_alliodora,399,28.1,9,0,28.03669876,c
boraginaceae,cordia,Cordia_alliodora,400,14.4,9,0,30.3264012,c
boraginaceae,cordia,Cordia_alliodora,401,45.4,9,1,35.24056785,c
boraginaceae,cordia,Cordia_alliodora,402,22.1,9,0,24.30768662,c
boraginaceae,cordia,Cordia_alliodora,405,29.5,9,0,20.30156194,c
myristicaceae,virola,Virola_sebifera,406,43.5,9,1,19.36546086,n
boraginaceae,cordia,Cordia_alliodora,407,17.9,9,0,17.79468854,c
boraginaceae,cordia,Cordia_alliodora,408,36.4,9,1,15.38184103,c
meliaceae,guarea,Guarea_bullata,409,27,9,0,14.23202439,NA
boraginaceae,cordia,Cordia_alliodora,411,45.5,9,0,17.59851995,c
boraginaceae,cordia,Cordia_alliodora,414,28.3,9,0,15.23110489,c
boraginaceae,cordia,Cordia_alliodora,415,30.5,9,0,12.90926159,c
boraginaceae,cordia,Cordia_alliodora,417,27.5,6,0,31.88128559,c
araliaceae,dendropanax,Dendropanax_arboreus,420,35.4,1,1,46.95716919,NA
boraginaceae,cordia,Cordia_alliodora,423,35.5,9,1,26.15903374,c
boraginaceae,cordia,Cordia_alliodora,427,31.8,9,0,36.48994667,c
boraginaceae,cordia,Cordia_alliodora,428,42.8,9,1,39.01497967,c
boraginaceae,cordia,Cordia_alliodora,430,34.5,9,0,34.91535627,c
moraceae,castilla,Castilla_elastica,432,58,9,0,24.71619189,NA
boraginaceae,cordia,Cordia_alliodora,434,41.5,9,0,32.10555145,c
boraginaceae,cordia,Cordia_alliodora,435,45.5,9,0,28.09970403,c
rubiaceae,warscewiczia,Warscewiczia_coccinea,436,20.5,1,0,32.71498327,NA
boraginaceae,cordia,Cordia_alliodora,438,45.4,9,0,25.54074245,c
malvaceae,hampea,Hampea_appendiculata,441,47.5,4,0,32.9987424,NA
leguminosae,pterocarpus,Pterocarpus_rohrii,442,43,9,0,35.14716037,n
boraginaceae,cordia,Cordia_alliodora,443,50,9,0,35.99195922,c
leguminosae,pentaclethra,Pentaclethra_macroloba,444,82,9,0,44.26554299,NA
moraceae,naucleopsis,Naucleopsis_naga,445,28,9,0,46.12209688,NA
leguminosae,pterocarpus,Pterocarpus_rohrii,446,41,9,0,51.00458533,n
malvaceae,pachira,Pachira_aquatica,452,24.7,4,1,44.40438041,NA
leguminosae,pterocarpus,Pterocarpus_rohrii,461,42.8,9,0,47.65650378,n
combretaceae,terminalia,Terminalia_oblonga,462,31,9,1,40.64935042,NA
rubiaceae,simira,Simira_maxonii,463,45,9,0,33.09060874,NA
leguminosae,lonchocarpus,Lonchocarpus_pentaphyllus,467,8.6,9,0,48.61409281,NA
leguminosae,inga,Inga_paterno,468,42.5,7,1,37.08630545,NA
bombacaceae,ocotea,Ocotea_cernua,471,50.4,4,0,46.96647741,NA
bombacaceae,ocotea,Ocotea_cernua,471,50.4,8,1,33.66441295,NA
sapotaceae,chrysophyllum,Chrysophyllum_venezuelanense,472,16.6,8,0,26.73569784,NA
sapotaceae,chrysophyllum,Chrysophyllum_venezuelanense,472,16.6,10,0,1.003194896,NA
leguminosae,lonchocarpus,Lonchocarpus_pentaphyllus,473,13.4,7,0,20.39351517,NA
sapotaceae,chrysophyllum,Chrysophyllum_venezuelanense,474,14.8,7,0,16.04060609,NA
sapotaceae,chrysophyllum,Chrysophyllum_venezuelanense,475,14.1,7,0,15.72547843,NA
boraginaceae,cordia,Cordia_alliodora,477,52,7,1,8.733479795,c
boraginaceae,cordia,Cordia_dwyeri,478,27.2,7,0,18.89734536,NA
nyctaginaceae,neea,Neea_amplifolia,480,10.7,7,0,11.04042631,n
tiliaceae,apeiba,Apeiba_membranacea,481,62.8,7,1,11.44362569,c
lauraceae,ocotea,Ocotea_hartshorniana,482,77,7,0,2.271687094,NA
rubiaceae,posoqueria,Posoqueria_grandiflora,483,5.1,5,0,7.977534724,NA
leguminosae,pterocarpus,Pterocarpus_rohrii,491,34.1,7,0,8.968708567,n
myristicaceae,virola,Virola_koschnyi,493,58.5,7,0,24.02927069,NA
leguminosae,pentaclethra,Pentaclethra_macroloba,494,64.5,7,0,16.90273863,NA
nyctaginaceae,neea,Neea_amplifolia,498,12,6,0,24.64786384,n
combretaceae,terminalia,Terminalia_oblonga,500,87,7,1,7.915262142,NA
euphorbiaceae,alchornea,Alchornea_costaricensis,502,54,4,1,53.7172086,c
euphorbiaceae,alchornea,Alchornea_costaricensis,502,54,8,0,60.43985522,c
euphorbiaceae,alchornea,Alchornea_costaricensis,503,93.5,4,1,61.13413531,c
euphorbiaceae,alchornea,Alchornea_costaricensis,503,93.5,8,1,62.77287001,c
leguminosae,lonchocarpus,Lonchocarpus_oliganthus,526,17.8,4,0,43.13952248,NA
meliaceae,guarea,Guarea_rhopalocarpa,527,14.5,4,0,49.52520974,NA
leguminosae,lonchocarpus,Lonchocarpus_oliganthus,529,32,4,0,49.05762428,NA
combretaceae,terminalia,Terminalia_oblonga,532,90,4,0,32.98805996,NA
euphorbiaceae,alchornea,Alchornea_costaricensis,533,98.5,4,1,45.56052019,c
euphorbiaceae,alchornea,Alchornea_costaricensis,533,98.5,8,0,58.76722292,c
anacardiaceae,spondias,Spondias_radlkoferi,534,25.4,4,0,35.5757572,c
moraceae,ficus,Ficus_maxima,535,64.5,4,1,36.52626726,NA
moraceae,ficus,Ficus_maxima,535,64.5,8,0,51.61248753,NA
leguminosae,inga,Inga_paterno,536,36,4,0,34.03838128,NA
leguminosae,inga,Inga_paterno,536,36,8,0,49.50756659,NA
leguminosae,pterocarpus,Pterocarpus_rohrii,538,31.6,4,0,38.96093556,n
leguminosae,pterocarpus,Pterocarpus_rohrii,538,31.6,8,0,35.88466329,n
euphorbiaceae,alchornea,Alchornea_costaricensis,539,61.5,4,0,19.38287904,c
euphorbiaceae,alchornea,Alchornea_costaricensis,539,61.5,8,0,37.16535994,c
burseraceae,protium,Protium_sp,545,16.3,4,0,25.57669447,NA
burseraceae,protium,Protium_sp,545,16.3,8,0,26.00447998,NA
rubiaceae,pentagonia,Pentagonia_donnell-smithii,546,9.3,4,0,23.55591221,NA
rubiaceae,pentagonia,Pentagonia_donnell-smithii,546,9.3,8,0,27.80344276,NA
malvaceae,goethalsia,Goethalsia_meiantha,548,69.5,4,0,29.07032164,NA
malvaceae,goethalsia,Goethalsia_meiantha,548,69.5,8,0,21.92244921,NA
leguminosae,pterocarpus,Pterocarpus_rohrii,549,18.5,4,0,29.39589087,n
leguminosae,pterocarpus,Pterocarpus_rohrii,549,18.5,8,1,22.08890534,n
leguminosae,pterocarpus,Pterocarpus_rohrii,550,41.7,4,0,30.37796734,n
leguminosae,pterocarpus,Pterocarpus_rohrii,550,41.7,8,1,21.0454268,n
meliaceae,guarea,Guarea_rhopalocarpa,553,21.3,4,0,36.47824694,NA
meliaceae,guarea,Guarea_rhopalocarpa,553,21.3,8,0,16.19958701,NA
boraginaceae,cordia,Cordia_dwyeri,554,24.7,4,0,33.70636883,NA
boraginaceae,cordia,Cordia_dwyeri,554,24.7,6,0,41.48242743,NA
boraginaceae,cordia,Cordia_dwyeri,554,24.7,8,0,20.52223329,NA
leguminosae,pentaclethra,Pentaclethra_macroloba,555,80.3,4,0,37.26092323,NA
leguminosae,pentaclethra,Pentaclethra_macroloba,555,80.3,6,1,37.87398867,NA
leguminosae,pentaclethra,Pentaclethra_macroloba,555,80.3,8,1,19.17911466,NA
boraginaceae,cordia,Cordia_alliodora,556,11.9,4,0,43.55321458,c
boraginaceae,cordia,Cordia_alliodora,556,11.9,6,0,33.80790932,c
boraginaceae,cordia,Cordia_alliodora,556,11.9,8,0,15.8150934,c
leguminosae,inga,Inga_paterno,558,49.2,4,0,38.71840002,NA
leguminosae,inga,Inga_paterno,558,49.2,8,0,22.57427627,NA
phyllanthaceae,hyeronima,Hyeronima_alchorneoides,560,125,4,0,55.99009198,c
phyllanthaceae,hyeronima,Hyeronima_alchorneoides,560,125,6,1,32.50293716,c
salicaceae,casearia,Casearia_corymbosa,563,46.5,6,1,17.62553917,NA
salicaceae,casearia,Casearia_corymbosa,564,24.5,6,0,21.94416048,NA
boraginaceae,cordia,Cordia_alliodora,568,21.3,6,1,14.56611876,c
boraginaceae,cordia,Cordia_alliodora,570,48.9,6,0,12.03158733,c
anacardiaceae,spondias,Spondias_radlkoferi,571,20.8,6,0,13.51051825,c
boraginaceae,cordia,Cordia_alliodora,578,21.8,6,0,36.85504031,c
combretaceae,terminalia,Terminalia_oblonga,579,80,6,1,37.63211535,NA
leguminosae,erythrina,Erythrina_cochleata,582,54,6,0,4.473351857,NA
boraginaceae,cordia,Cordia_alliodora,584,66.5,6,0,4.161102364,c
anacardiaceae,spondias,Spondias_radlkoferi,585,28.4,6,0,2.448174759,c
leguminosae,pterocarpus,Pterocarpus_officinalis,587,90,4,0,35.20606908,NA
malvaceae,luehea,Luehea_seemannii,588,63,4,0,29.35006133,c
burseraceae,protium,Protium_panamense,589,51.8,4,0,35.25785728,n
leguminosae,lonchocarpus,Lonchocarpus_oliganthus,590,35.5,4,0,23.92679669,NA
leguminosae,pterocarpus,Pterocarpus_officinalis,593,59.5,4,0,37.98253414,NA
leguminosae,erythrina,Erythrina_cochleata,598,55,4,1,16.63136795,NA
leguminosae,pterocarpus,Pterocarpus_rohrii,599,40.3,4,0,14.18042665,n
leguminosae,pterocarpus,Pterocarpus_rohrii,601,47.4,4,1,11.65078967,n
boraginaceae,cordia,Cordia_alliodora,602,66.5,4,0,18.09489707,c
anacardiaceae,spondias,Spondias_radlkoferi,603,16.8,4,0,10.9,c
boraginaceae,cordia,Cordia_alliodora,604,16.5,4,0,7.729074977,c
moraceae,castilla,Castilla_elastica,605,57.5,4,0,9.125486288,NA
hernandiaceae,hernandia,Hernandia_stenura,608,39.2,4,0,0.30016662,NA
leguminosae,pentaclethra,Pentaclethra_macroloba,609,81.5,4,0,1.743932338,NA
sapotaceae,pouteria,Pouteria_glomerulata,613,37.3,4,0,22.52826003,NA
sapotaceae,pouteria,Pouteria_glomerulata,613,37.3,8,1,31.92089879,NA
sabiaceae,meliosma,Meliosma_donnell-smithii,614,11.2,4,0,25.54295206,NA
sabiaceae,meliosma,Meliosma_donnell-smithii,614,11.2,8,0,25.61807642,NA
lecythidaceae,lecythis,Lecythis_ampla,615,7,1,0,5.278822169,NA
hernandiaceae,hernandia,Hernandia_didymantha,616,62.9,4,0,22.66328308,NA
rubiaceae,warscewiczia,Warscewiczia_coccinea,617,23.9,4,0,25.24085973,NA
malvaceae,goethalsia,Goethalsia_meiantha,618,48.7,4,0,33.64098245,NA
malvaceae,goethalsia,Goethalsia_meiantha,618,48.7,6,0,36.66684478,NA
malvaceae,goethalsia,Goethalsia_meiantha,618,48.7,8,0,34.04451599,NA
arecaceae,welfia,Welfia_regia,621,21.2,6,0,28.40090501,NA
araliaceae,dendropanax,Dendropanax_arboreus,622,48.7,6,1,31.99363306,NA
sapotaceae,pouteria,Pouteria_glomerulata,628,19.9,6,0,20.45109366,NA
capparaceae,capparis,Capparis_pittieri,630,15.5,6,0,19.09289616,NA
tiliaceae,apeiba,Apeiba_membranacea,638,76.3,4,0,54.19728776,c
boraginaceae,cordia,Cordia_alliodora,639,76.3,4,0,55.5092758,c
boraginaceae,cordia,Cordia_alliodora,642,60.5,4,0,35.50108167,c
boraginaceae,cordia,Cordia_alliodora,643,25.1,4,0,34.28232927,c
leguminosae,inga,Inga_ruiziana,645,57.8,4,0,30.84744398,NA
apocynaceae,rauvolfia,Rauvolfia_purpurascens,647,28.9,4,0,25.60450351,NA
leguminosae,pentaclethra,Pentaclethra_macroloba,649,103,4,1,15.63090848,NA
leguminosae,pentaclethra,Pentaclethra_macroloba,651,70,4,0,22.76589774,NA
sapotaceae,pouteria,Pouteria_glomerulata,652,38.5,4,1,21.6318885,NA
sterculiaceae,theobroma,Theobroma_simiarum,663,14.8,1,0,4.866606498,NA
sterculiaceae,theobroma,Theobroma_simiarum,664,14.8,1,0,14.81303253,NA
apocynaceae,aspidosperma,Aspidosperma_spruceanum,665,9,1,0,17.45111931,NA
sabiaceae,meliosma,Meliosma_donnell-smithii,667,5.5,9,0,40.13896301,NA
sabiaceae,meliosma,Meliosma_donnell-smithii,668,7.3,9,0,30.51389907,NA
euphorbiaceae,mabea,Mabea_occidentalis,670,6.2,4,0,43.47608538,NA
euphorbiaceae,mabea,Mabea_occidentalis,670,6.2,8,0,12.02018549,NA
anacardiaceae,spondias,Spondias_radlkoferi,674,20.8,4,0,30.85150239,c
anacardiaceae,spondias,Spondias_radlkoferi,676,16.7,4,0,24.63376747,c
anacardiaceae,spondias,Spondias_radlkoferi,676,16.7,8,0,30.33841903,c
phyllanthaceae,richeria,Richeria_dressleri,677,6.1,4,0,38.02385041,NA
phyllanthaceae,richeria,Richeria_dressleri,677,6.1,6,0,32.68651794,NA
phyllanthaceae,richeria,Richeria_dressleri,677,6.1,8,0,27.84393003,NA
phyllanthaceae,richeria,Richeria_dressleri,678,2.3,4,0,29.90975761,NA
phyllanthaceae,richeria,Richeria_dressleri,678,2.3,6,0,41.87514874,NA
phyllanthaceae,richeria,Richeria_dressleri,678,2.3,8,0,26.81471348,NA
phyllanthaceae,richeria,Richeria_dressleri,679,4.9,4,0,47.30066596,NA
phyllanthaceae,richeria,Richeria_dressleri,679,4.9,8,0,7.5666802,NA
lecythidaceae,eschweilera,Eschweilera_calyculata,685,7.8,1,1,12.67818966,NA
malvaceae,luehea,Luehea_seemannii,691,14.8,9,0,30.06721518,c
tiliaceae,apeiba,Apeiba_membranacea,692,47.1,9,0,32.78295829,c
moraceae,brosimum,Brosimum_alicastrum,693,7.7,6,0,25.86002108,n
malvaceae,luehea,Luehea_seemannii,694,25.3,9,0,38.50263162,c
tiliaceae,mortoniodendron,Mortoniodendron_guatemalense,695,15.8,9,0,35.39494429,NA
malvaceae,goethalsia,Goethalsia_meiantha,696,33,9,0,30.64775528,NA
rubiaceae,posoqueria,Posoqueria_latifolia,698,15.4,9,0,8.357619585,NA
rubiaceae,posoqueria,Posoqueria_latifolia,699,16.3,9,1,15.34015374,NA
leguminosae,dussia,Dussia_tessmannii,700,13,9,0,22.33832255,NA
burseraceae,protium,Protium_pittieri,703,14.1,9,0,29.64667623,NA
humiriaceae,sacoglottis,Sacoglottis_trichogyna,705,5.2,7,0,28.0904217,NA
arecaceae,iriartea,Iriartea_deltoidea,706,23.3,9,0,38.08551848,NA
elaeocarpaceae,sloanea,Sloanea_laevigata,710,4.9,7,0,29.44922586,NA
myrsinaceae,ardisia,Ardisia_sp,711,13.4,5,1,22.2494495,NA
nyctaginaceae,neea,Neea_psychotriodes,713,7.4,5,0,26.23673214,NA
leguminosae,cojoba,Cojoba_catenata,716,2.3,5,0,13.62742199,NA
leguminosae,zigia,Zigia_gigantifoliola,717,7,5,0,18.44410702,NA
leguminosae,albizia,Albizia_adinocephala,719,24.7,5,1,7.659586406,NA
anacardiaceae,tapirira,Tapirira_myriantha,721,26.9,10,1,16.68569747,NA
acanthaceae,bravaisia,Bravaisia_integerrima,724,38.5,8,0,46.29140492,NA
euphorbiaceae,unonopsis,Unonopsis_pittieri,727,17,4,0,44.50036404,n
leguminosae,swartzia,Swartzia_cubensis,728,17,4,0,59.68706811,NA
leguminosae,swartzia,Swartzia_cubensis,728,0,8,0,9.508676525,NA
euphorbiaceae,mabea,Mabea_occidentalis,729,5.3,4,0,58.84815205,NA
euphorbiaceae,mabea,Mabea_occidentalis,729,5.3,8,0,11.17731941,NA
euphorbiaceae,conceveiba,Conceveiba_pleiostemona,730,25,4,0,50.38903055,NA
euphorbiaceae,conceveiba,Conceveiba_pleiostemona,730,25,8,1,2.903566643,NA
vochysiaceae,vochysia,Vochysia_guatemalensis,731,42,4,0,8.36876335,NA
malvaceae,sterculia,Sterculia_recordiana,738,24,4,0,37.24504799,NA
malvaceae,pachira,Pachira_aquatica,739,17.2,4,1,38.65751803,NA
leguminosae,inga,Inga_acuminata,740,14.2,8,0,19.26167618,n
leguminosae,macrolobium,Macrolobium_costaricense,741,10.9,8,1,10.17857845,NA
leguminosae,cojoba,Cojoba_catenata,744,6.2,10,0,14.5983047,NA
lauraceae,rhodostemonodaphne,Rhodostemonodaphne_kunthiana,748,20,9,1,8.600104242,NA
meliaceae,guarea,Guarea_sp,750,17,10,0,16.92208616,NA
arecaceae,cryosophila,Cryosophila_warscewiczii,752,9.8,1,0,30.0514318,NA
malvaceae,sterculia,Sterculia_recordiana,753,14.7,4,0,52.16869272,NA
malvaceae,sterculia,Sterculia_recordiana,753,14.7,8,0,50.84502876,NA
arecaceae,geonoma,Geonoma_longevaginata,754,3.8,1,0,35.69999599,NA
anacardiaceae,tapirira,Tapirira_myriantha,755,38,1,0,34.60959661,NA
arecaceae,bactris,Bactris_coloradensis,756,0,9,0,32.1945064,NA
arecaceae,geonoma,Geonoma_longevaginata,757,3.5,9,0,19.3738271,NA
arecaceae,bactris,Bactris_coloradensis,758,5.7,9,0,18.64102883,NA
flacourtiaceae,casearia,Casearia_arborea,763,14.4,9,0,47.7883833,c
leguminosae,hymenolobium,Hymenolobium_mesoamericanum,764,8,9,0,46.67602393,NA
arecaceae,calyptrogyne,Calyptrogyne_ghiesbreghtiana,765,8.5,9,0,44.68018402,NA
arecaceae,welfia,Welfia_regia,769,21.6,9,0,49.3852559,NA
leguminosae,swartzia,Swartzia_cubensis,770,5.3,4,0,32.53951751,NA
leguminosae,swartzia,Swartzia_cubensis,770,5.3,8,0,39.29506011,NA
phyllanthaceae,hyeronima,Hyeronima_alchorneoides,771,4,4,0,24.1524181,c
erythroxylaceae,erythroxylon,Erythroxylon_sp,773,6.1,4,0,17.5649936,NA
arecaceae,synecanthus,Synecanthus_warscewiczianus,776,3.3,9,0,55.3507291,NA
cyclanthaceae,cyclanthus,Cyclanthus_bipartitus,777,0,9,0,53.26489654,NA
myristicaceae,virola,Virola_sebifera,778,37.4,7,1,33.21824026,n
elaeocarpaceae,sloanea,Sloanea_medusula,783,9.6,7,0,27.13782,NA
elaeocarpaceae,sloanea,Sloanea_medusula,784,6.6,7,0,18.0866813,NA
flacourtiaceae,xylosma,Xylosma_chlorantha,790,4.5,7,0,28.86878581,NA
bignoniaceae,tabebuia,Tabebuia_rosea,791,9.8,4,0,27.86404314,c
bignoniaceae,tabebuia,Tabebuia_rosea,791,9.8,8,0,26.37918401,c
leguminosae,inga,Inga_alba,792,25.2,4,0,33.13254141,NA
leguminosae,inga,Inga_alba,792,25.2,8,0,24.93526176,NA
putranjivaceae,drypetes,Drypetes_variabilis,794,15.9,4,0,25.92959892,NA
putranjivaceae,drypetes,Drypetes_variabilis,794,15.9,8,1,26.40309507,NA
bombacaceae,durio,Durio_zibethianus,795,7.6,9,0,20.71349574,NA
bignoniaceae,jacaranda,Jacaranda_copaia,798,24.3,4,0,47.05601874,c
bignoniaceae,jacaranda,Jacaranda_copaia,798,24.3,8,1,7.058366613,c
bignoniaceae,calophyllum,Calophyllum_brasiliense,805,21.6,4,0,27.56490522,NA
leguminosae,erythrina,Erythrina_cochleata,809,20.3,4,0,13.82237679,NA
rhamnaceae,colubrina,Colubrina_spinosa,810,35.3,4,0,11.41431119,NA
combretaceae,terminalia,Terminalia_oblonga,811,16.5,4,1,20.21563998,NA
leguminosae,cojoba,Cojoba_valerioi,813,5.9,4,0,43.08531188,NA
leguminosae,cojoba,Cojoba_valerioi,813,5.9,8,0,30.98645283,NA
leguminosae,stryphnodendron,Stryphnodendron_microstachyum,815,27.5,4,0,40.40790146,NA
leguminosae,stryphnodendron,Stryphnodendron_microstachyum,815,27.5,8,0,45.0632349,NA
apocynaceae,rauvolfia,Rauvolfia_purpurascens,818,12.3,4,0,65.85640819,NA
moraceae,clarisia,Clarisia_mexicana,819,13.7,6,0,11.14255088,NA
moraceae,brosimum,Brosimum_lactescens,821,13.8,6,0,34.49119156,NA
malvaceae,hampea,Hampea_appendiculata,840,47.2,4,0,38.01303592,NA
leguminosae,ormosia,Ormosia_tenuivalvis,841,15.5,4,0,40.79278858,NA
lacistemaceae,lacistema,Lacistema_aggregatum,842,18.4,4,0,42.3127274,n
cecropiaceae,cecropia,Cecropia_obtusifolia,843,16,4,0,37.22693245,c
caricaceae,jacaratia,Jacaratia_dolichaula,844,23.8,4,0,21.09011617,NA
leguminosae,hymenolobium,Hymenolobium_mesoamericanum,845,8.9,4,0,24.97169998,NA
leguminosae,ormosia,Ormosia_velutina,846,12.5,4,0,26.74798684,NA
sapotaceae,chrysophyllum,Chrysophyllum_venezuelanense,847,9.8,4,0,32.93820274,NA
sapotaceae,vochysia,Vochysia_ferruginea,854,5,4,0,15.70673741,NA
sapotaceae,pradosia,Pradosia_atroviolacea,856,17,4,0,20.56628552,NA
myristicaceae,virola,Virola_koschnyi,859,8.1,4,1,34.24699257,NA
leguminosae,cassia,Cassia_papillosa,863,16.3,6,0,10.7565084,NA
combretaceae,terminalia,Terminalia_amazonia,864,2.4,4,0,16.11628059,c
moraceae,trophis,Trophis_racemosa,866,6,4,0,11.71385931,n
combretaceae,terminalia,Terminalia_amazonia,867,13.6,4,0,7.10583563,c
moraceae,castilla,Castilla_elastica,868,10.1,4,0,12.68771059,NA
sapotaceae,pouteria,Pouteria_sp,869,12.7,4,1,20.27243449,NA
moraceae,clarisia,Clarisia_mexicana,870,27.1,4,1,15.28026505,NA
moraceae,quararibea,Quararibea_parvifolia,871,7.5,4,0,25.85974671,NA
combretaceae,terminalia,Terminalia_amazonia,872,16.5,4,0,21.37854298,c
combretaceae,terminalia,Terminalia_oblonga,873,14.1,4,0,43.6563867,NA
combretaceae,terminalia,Terminalia_oblonga,878,7.8,4,1,39.0766887,NA
leguminosae,inga,Inga_alba,880,13.3,4,0,47.4664945,NA
leguminosae,inga,Inga_alba,880,13.3,8,0,14.98814296,NA
symplocaceae,symplocos,Symplocos_sp,881,16.1,4,1,31.89534919,NA
symplocaceae,symplocos,Symplocos_sp,881,16.1,8,1,19.76745101,NA
moraceae,clarisia,Clarisia_mexicana,883,14.4,4,0,51.7182724,NA
moraceae,clarisia,Clarisia_mexicana,883,14.4,8,1,2.897786957,NA
moraceae,clarisia,Clarisia_mexicana,885,21.7,4,0,47.99133672,NA
moraceae,clarisia,Clarisia_mexicana,885,21.7,8,1,3.067269021,NA
rubiaceae,randia,Randia_genipoides,890,6,6,0,21.96542371,NA
malphigiaceae,bunchosia,Bunchosia_ocellata,893,11.8,6,0,23.86201078,NA
euphorbiaceae,sapium,Sapium_glandulosum,894,30.2,6,0,15.24583172,NA
euphorbiaceae,sapium,Sapium_glandulosum,895,26.8,6,0,22.73918006,NA
leguminosae,cassia,Cassia_papillosa,896,9,6,0,28.21647432,NA
leguminosae,cassia,Cassia_papillosa,897,10,6,0,26.7567893,NA
boraginaceae,cordia,Cordia_dwyeri,898,11.8,6,0,21.27316955,NA
anacardiaceae,spondias,Spondias_radlkoferi,899,20.2,6,0,31.08025817,c
myrtaceae,eugenia,Eugenia_sp,900,9.1,6,0,32.95622189,n
cecropiaceae,cecropia,Cecropia_insignis,901,22.3,6,0,32.07942536,c
nyctaginaceae,neea,Neea_psychotriodes,903,7.9,6,0,35.76550746,NA
symplocaceae,symplocos,Symplocos_sp,909,13.3,4,0,51.88135021,NA
symplocaceae,symplocos,Symplocos_sp,909,13.3,8,0,7.588732388,NA
leguminosae,inga,Inga_leiocalycina,910,31.2,4,0,49.58526495,NA
leguminosae,inga,Inga_leiocalycina,910,31.2,8,0,19.01299396,NA
leguminosae,inga,Inga_thibaudiana,914,16.8,8,0,38.85607802,NA
leguminosae,macrolobium,Macrolobium_costaricense,915,13.8,4,0,35.6933061,NA
leguminosae,macrolobium,Macrolobium_costaricense,915,13.8,8,0,35.44139471,NA
olacaceae,minquartia,Minquartia_guianensis,916,7,8,1,67.73184206,NA
vochysiaceae,vochysia,Vochysia_guatemalensis,918,25,4,0,27.59932246,NA
malvaceae,ceiba,Ceiba_pentandra,919,14.3,4,0,23.02140308,NA
leguminosae,abarema,Abarema_macradenia,921,15.5,5,0,18.21085966,NA
leguminosae,zigia,Zigia_longifolia,922,10.6,5,0,15.58073852,NA
ulmaceae,celtis,Celtis_schippii,924,7.2,9,0,31.18647827,NA
lacistemaceae,lozania,Lozania_pittieri,926,6.8,5,0,33.20890931,NA
lacistemaceae,lacistema,Lacistema_aggregatum,928,8.8,1,0,8.438854099,n
leguminosae,abarema,Abarema_macradenia,930,13,4,0,47.72762408,NA
leguminosae,abarema,Abarema_macradenia,930,13,8,0,40.63196192,NA
leguminosae,balizia,Balizia_elegans,931,14.1,5,0,13.61175551,NA
leguminosae,zigia,Zigia_gigantifoliola,932,4.6,5,0,9.047166048,NA
leguminosae,inga,Inga_ruiziana,933,8.5,10,0,9.190788867,NA
leguminosae,inga,Inga_sertulifera,935,7.8,10,0,9.702958312,NA
leguminosae,talauma,Talauma_sambuensis,937,7.4,4,0,13.14389592,NA
leguminosae,erythrina,Erythrina_cochleata,938,9.9,4,0,8.968037689,NA
leguminosae,lonchocarpus,Lonchocarpus_oliganthus,941,6.2,1,0,12.79854495,NA
leguminosae,cassia,Cassia_papillosa,942,9,1,0,9.09192252,NA
myrsinaceae,ardisia,Ardisia_granatensis,943,6.8,1,0,12.10419471,NA
malvaceae,sterculia,Sterculia_recordiana,951,4.2,1,0,14.14158306,NA
malvaceae,sterculia,Sterculia_recordiana,953,4,1,0,11.80482622,NA
verbenaceae,aegiphila,Aegiphila_falcata,954,8.3,1,1,7.191975977,NA
violaceae,rinorea,Rinorea_deflexiflora,956,9.1,1,1,8.928436067,NA
rubiaceae,posoqueria,Posoqueria_latifolia,961,10.6,9,1,26.58941672,NA
rubiaceae,randia,Randia_grandifolia,965,3,9,0,24.73569576,NA
rubiaceae,psychotria,Psychotria_sp,971,2.6,9,0,10.72019044,NA
rubiaceae,faramea,Faramea_multiflora,972,8.5,9,0,7.782328251,NA
euphorbiaceae,alchorneopsis,Alchorneopsis_floribunda,973,40,9,1,52.63475873,NA
myristicaceae,virola,Virola_koschnyi,974,16.7,9,0,17.87649086,NA
rubiaceae,randia,Randia_grandifolia,975,4.2,9,0,10.21961632,NA
apocynaceae,lacunaria,Lacunaria_panamensis,976,5.8,9,0,6.521955555,n
rubiaceae,simira,Simira_maxonii,979,9.1,9,0,9.878652919,NA
moraceae,ficus,Ficus_turrialbano,981,12.3,9,1,11.79110575,NA
arecaceae,socratea,Socratea_exorrhiza,990,19.2,9,0,41.70192626,n
arecaceae,bactris,Bactris_sp,991,0,9,0,38.24857843,NA
arecaceae,geonoma,Geonoma_longevaginata,999,4.4,1,0,41.90883264,NA
burseraceae,protium,Protium_costaricense,1003,6.7,9,0,52.20519901,n
sabiaceae,meliosma,Meliosma_donnell-smithii,1009,6.3,5,0,11.5595327,NA
meliaceae,guarea,Guarea_rhopalocarpa,1011,10.1,5,0,8.578712725,NA
meliaceae,guarea,Guarea_bullata,1012,6,5,0,9.147929129,NA
meliaceae,guarea,Guarea_rhopalocarpa,1013,8.4,5,0,13.83150607,NA
leguminosae,zigia,Zigia_gigantifoliola,1015,6.2,5,0,14.09592078,NA
meliaceae,guarea,Guarea_bullata,1016,6.8,5,0,11.46304494,NA
simaroubaceae,simarouba,Simarouba_amara,1017,22.6,5,0,6.639433887,n
meliaceae,carapa,Carapa_guianensis,1018,5.9,5,0,5.56400241,NA
bignoniaceae,tabebuia,Tabebuia_guayacan,1021,14,4,0,37.51902184,NA
bignoniaceae,tabebuia,Tabebuia_guayacan,1021,14,8,0,16.46464361,NA
rubiaceae,warscewiczia,Warscewiczia_coccinea,1023,7.1,4,0,15.72509459,NA
sapotaceae,pouteria,Pouteria_glomerulata,1024,6.7,4,0,23.47717615,NA
bombacaceae,ocotea,Ocotea_cernua,1025,9.4,4,0,18.3359892,NA
phyllanthaceae,richeria,Richeria_dressleri,1027,9.5,6,1,23.75162089,NA
phyllanthaceae,hyeronima,Hyeronima_alchorneoides,1029,10.8,6,0,31.73675495,c
sapotaceae,pouteria,Pouteria_campechiana,1030,2.9,4,0,54.15561651,NA
sapotaceae,pouteria,Pouteria_campechiana,1030,2.9,8,0,6.452256911,NA
moraceae,clarisia,Clarisia_mexicana,1031,12.3,8,0,12.58842998,NA
myrsinaceae,ardisia,Ardisia_granatensis,1032,2.7,8,1,15.22308343,NA
lauraceae,ocotea,Ocotea_hartshorniana,1033,16.2,5,0,25.81141315,NA
melastomataceae,miconia,Miconia_affinis,1036,9.9,7,0,47.17510424,c
rubiaceae,pentagonia,Pentagonia_donnell-smithii,1037,4.2,7,0,46.64253721,NA
malvaceae,hampea,Hampea_appendiculata,1038,20.4,7,0,47.5436771,NA
myristicaceae,compsoneura,Compsoneura_sprucei,1039,5.8,5,0,31.50157527,NA
myristicaceae,compsoneura,Compsoneura_sprucei,1040,3.9,5,0,26.54868043,NA
simaroubaceae,simarouba,Simarouba_amara,1041,16.4,5,0,28.23108862,n
annonaceae,desmopsis,Desmopsis_microcarpa,1043,2.5,5,0,22.68962811,NA
myrsinaceae,ardisia,Ardisia_nigropunctata,1044,6.1,5,0,24.78984866,NA
myrsinaceae,ardisia,Ardisia_nigropunctata,1045,4,5,0,17.99133473,NA
erythroxylaceae,erythroxylon,Erythroxylon_sp,1046,9.2,5,0,26.808106,NA
sapotaceae,chrysophyllum,Chrysophyllum_venezuelanense,1047,6.9,5,0,27.25564361,NA
sapotaceae,chrysophyllum,Chrysophyllum_venezuelanense,1047,6.9,7,0,34.54719592,NA
myrsinaceae,ardisia,Ardisia_sp,1048,11.4,5,0,31.43141846,NA
myrsinaceae,ardisia,Ardisia_sp,1048,11.4,7,0,37.69741008,NA
myrsinaceae,ardisia,Ardisia_auriculata,1049,6.4,5,0,30.54382721,NA
myrsinaceae,ardisia,Ardisia_auriculata,1049,6.4,7,0,41.39546032,NA
sapotaceae,chrysophyllum,Chrysophyllum_venezuelanense,1051,7.4,5,0,19.85321717,NA
phyllanthaceae,richeria,Richeria_dressleri,1052,12.3,5,0,29.21185375,NA
phyllanthaceae,richeria,Richeria_dressleri,1052,12.3,7,0,30.82366706,NA
boraginaceae,cordia,Cordia_dwyeri,1054,7,5,0,27.36263498,NA
verbenaceae,aegiphila,Aegiphila_falcata,1055,4,7,0,17.57327373,NA
euphorbiaceae,alchornea,Alchornea_sp,1056,6.2,7,0,23.88246265,NA
clusiaceae,tovomita,Tovomita_weddelliana,1058,2.1,5,0,22.97297731,NA
lauraceae,ocotea,Ocotea_hartshorniana,1059,25,5,1,32.41012441,NA
lauraceae,ocotea,Ocotea_hartshorniana,1059,25,7,0,30.03531784,NA
anacardiaceae,tapirira,Tapirira_myriantha,1060,7.9,5,1,30.63451579,NA
anacardiaceae,tapirira,Tapirira_myriantha,1060,7.9,7,0,27.08082023,NA
flacourtiaceae,casearia,Casearia_sylvestris,1061,4.4,5,0,34.10115317,n
nyctaginaceae,neea,Neea_sp,1062,4.5,5,0,31.48629019,NA
lecythidaceae,lecythis,Lecythis_ampla,1063,6.7,5,0,37.33431818,NA
lecythidaceae,lecythis,Lecythis_ampla,1063,6.7,7,0,32.10579673,NA
moraceae,clarisia,Clarisia_mexicana,1064,11.7,7,0,25.5263397,NA
arecaceae,iriartea,Iriartea_deltoidea,1070,17.4,9,1,54.99119823,NA
rubiaceae,coussarea,Coussarea_hondensis,1072,6.7,9,0,14.38187929,NA
rubiaceae,coussarea,Coussarea_sp,1073,7.4,9,1,24.75359556,NA
boraginaceae,cordia,Cordia_eriostigma,1074,8.3,7,0,36.02564793,NA
flacourtiaceae,casearia,Casearia_arborea,1075,16.3,7,0,35.11620005,c
myrsinaceae,ardisia,Ardisia_auriculata,1078,4.1,7,0,32.33984805,NA
rubiaceae,warscewiczia,Warscewiczia_coccinea,1080,13.7,7,0,7.431910971,NA
rubiaceae,simira,Simira_maxonii,1081,4.1,9,0,21.13077386,NA
rubiaceae,ixora,Ixora_nicaraguensis,1084,1.6,9,0,18.2131447,NA
sapindaceae,cupania,Cupania_cinerea,1085,12.7,6,0,33.35621545,NA
moraceae,trophis,Trophis_racemosa,1087,26.1,6,1,21.9280839,n
moraceae,naucleopsis,Naucleopsis_naga,1088,10.5,6,0,28.95472723,NA
moraceae,brosimum,Brosimum_alicastrum,1089,3,6,0,19.18107386,n
rubiaceae,faramea,Faramea_parvibractea,1090,1.8,9,0,21.60457551,NA
sapotaceae,pouteria,Pouteria_sp,1096,19.1,4,0,18.96837895,NA
arecaceae,welfia,Welfia_regia,1098,12,4,0,11.46994769,NA
rhizophoraceae,cassipourea,Cassipourea_elliptica,1099,4.1,4,0,4.834397584,n
combretaceae,terminalia,Terminalia_amazonia,1100,15.6,4,0,16.61633233,c
moraceae,clarisia,Clarisia_mexicana,1101,11.5,4,0,10.80253674,NA
rubiaceae,pentagonia,Pentagonia_donnell-smithii,1102,5.1,4,0,20.21505627,NA
rubiaceae,pentagonia,Pentagonia_donnell-smithii,1102,5.1,8,0,31.86848018,NA
leguminosae,prioria,Prioria_copaifera,1104,8,4,0,31.6650754,NA
leguminosae,prioria,Prioria_copaifera,1104,8,8,0,32.62204484,NA
sterculiaceae,theobroma,Theobroma_mammosum,1105,14.3,10,0,20.41336817,NA
meliaceae,guarea,Guarea_bullata,1107,7.7,5,0,18.53780909,NA
meliaceae,guarea,Guarea_rhopalocarpa,1108,7.5,5,0,30.64902495,NA
rubiaceae,ixora,Ixora_nicaraguensis,1109,2.3,9,0,10.77935195,NA
arecaceae,socratea,Socratea_exorrhiza,1110,17.5,8,0,57.00565419,n
leguminosae,ocotea,Ocotea_mollifolia,1112,17,4,0,40.14646311,NA
annonaceae,desmopsis,Desmopsis_microcarpa,1113,7,4,0,36.69294483,NA
sapotaceae,pradosia,Pradosia_atroviolacea,1114,10.5,4,0,16.94027745,NA
leguminosae,pentaclethra,Pentaclethra_macroloba,1115,20.1,4,0,20.01796443,NA
sapotaceae,pouteria,Pouteria_torta,1117,5.7,4,0,32.29384616,NA
rubiaceae,psychotria,Psychotria_sp,1118,1.6,9,0,12.98913547,NA
leguminosae,lonchocarpus,Lonchocarpus_oliganthus,1129,13.5,4,0,64.39059636,NA
rubiaceae,posoqueria,Posoqueria_latifolia,1131,11,9,0,11.00743924,NA
leguminosae,lonchocarpus,Lonchocarpus_oliganthus,1132,11.2,4,0,61.45535371,NA
nyctaginaceae,neea,Neea_sp,1134,0,6,0,32.4239708,NA
rubiaceae,posoqueria,Posoqueria_latifolia,1135,0,9,0,16.00344875,NA
rubiaceae,coussarea,Coussarea_hondensis,1138,9.6,9,0,16.69915208,NA
apocynaceae,aspidosperma,Aspidosperma_spruceanum,1140,1.2,1,0,5.110994411,NA
apocynaceae,tabernaemontana,Tabernaemontana_arborea,1143,2,1,0,17.84046056,n
myristicaceae,otoba,Otoba_novogranatensis,1146,1.6,1,0,42.0839081,NA
gentianaceae,potalia,Potalia_amara,1147,2.8,5,0,37.34734572,NA
anacardiaceae,tapirira,Tapirira_myriantha,1149,5.6,7,0,22.5962639,NA
flacourtiaceae,casearia,Casearia_commersoniana,1150,1.7,7,0,23.58137181,NA
flacourtiaceae,xylosma,Xylosma_chlorantha,1152,1.9,7,0,29.95592929,NA
leguminosae,dinizia,Dinizia_excelsa,1154,7.3,5,0,22.31036572,NA
leguminosae,cojoba,Cojoba_catenata,1155,2.1,5,0,11.67663729,NA
leguminosae,inga,Inga_pavoniana,1159,3.8,5,0,7.642103792,NA
leguminosae,inga,Inga_alba,1162,4.2,5,0,16.4630274,NA
leguminosae,inga,Inga_leiocalycina,1163,5.5,5,0,10.49374149,NA
leguminosae,inga,Inga_cocleensis,1164,4.2,5,0,14.3683736,NA
moraceae,trophis,Trophis_racemosa,1168,6.6,6,0,25.18731534,n
euphorbiaceae,croton,Croton_schiedeanus,1171,16,6,0,19.01029068,NA
moraceae,trophis,Trophis_racemosa,1172,4.6,6,0,12.90596032,n
leguminosae,ormosia,Ormosia_tenuivalvis,1175,6.3,4,1,13.37786605,NA
leguminosae,quararibea,Quararibea_pumila,1189,2.2,4,0,40.24471145,NA
bombacaceae,bursera,Bursera_simaruba,1195,9.8,4,0,28.99430461,NA
burseraceae,dipteryx,Dipteryx_panamensis,1196,4.2,4,0,32.51860083,NA
sterculiaceae,theobroma,Theobroma_mammosum,1201,12.2,1,0,15.68749828,NA
arecaceae,welfia,Welfia_regia,1208,14,9,0,16.56701646,NA
tiliaceae,apeiba,Apeiba_membranacea,1211,16.3,9,0,40.5897156,c
NA,NA,NA,1212,NA,9,0,18.88770112,NA
rubiaceae,psychotria,Psychotria_chagrensis,1213,2.6,9,0,14.70438623,NA
rubiaceae,warscewiczia,Warscewiczia_coccinea,1214,8.3,9,0,9.031081177,NA
nyctaginaceae,neea,Neea_amplifolia,1215,8.7,9,0,16.12193586,n
malvaceae,goethalsia,Goethalsia_meiantha,1216,12.8,9,0,30.06968779,NA
rhamnaceae,colubrina,Colubrina_spinosa,1217,15,9,0,33.14298483,NA
rubiaceae,chimarrhis,Chimarrhis_parviflora,1218,37.8,9,0,42.39022334,NA
sapotaceae,chrysophyllum,Chrysophyllum_venezuelanense,1220,13.3,9,0,46.33003678,NA
burseraceae,protium,Protium_glabrum,1222,10.7,1,0,45.62260661,NA
flacourtiaceae,laetia,Laetia_procera,1226,4.7,5,0,35.78572427,NA
flacourtiaceae,casearia,Casearia_arborea,1227,9.6,7,1,22.89781997,c
boraginaceae,cordia,Cordia_dwyeri,1228,5.7,7,0,29.53189973,NA
leguminosae,pentaclethra,Pentaclethra_macroloba,1229,23.7,7,0,27.12676184,NA
leguminosae,lonchocarpus,Lonchocarpus_pentaphyllus,1230,2.7,7,0,34.99938278,NA
leguminosae,pentaclethra,Pentaclethra_macroloba,1231,21.9,7,0,30.84209641,NA
leguminosae,pentaclethra,Pentaclethra_macroloba,1232,31.9,7,0,28.58669835,NA
leguminosae,pentaclethra,Pentaclethra_macroloba,1234,26.6,7,0,15.04941606,NA
leguminosae,dussia,Dussia_macroprophyllata,1235,5.2,7,0,22.16036955,NA
lauraceae,ocotea,Ocotea_hartshorniana,1236,27.7,5,1,29.09981648,NA
lauraceae,ocotea,Ocotea_hartshorniana,1236,27.7,7,1,28.59094747,NA
lauraceae,ocotea,Ocotea_hartshorniana,1238,26.6,5,0,21.92546699,NA
myrsinaceae,ardisia,Ardisia_granatensis,1241,12.3,7,0,38.90643937,NA
leguminosae,inga,Inga_alba,1242,7.3,5,1,17.52522285,NA
leguminosae,inga,Inga_tonduzii,1244,38.9,5,0,17.85078678,NA
moraceae,clarisia,Clarisia_mexicana,1246,23,5,1,1.044894155,NA
rubiaceae,posoqueria,Posoqueria_grandiflora,1247,2.1,5,0,6.233535446,NA
leguminosae,inga,Inga_ruiziana,1248,1.4,5,0,11.79313312,NA
leguminosae,zigia,Zigia_gigantifoliola,1249,2.6,5,0,13.73523169,NA
leguminosae,balizia,Balizia_elegans,1250,1.8,5,0,7.258437224,NA
leguminosae,zigia,Zigia_gigantifoliola,1251,2.2,5,0,12.10138726,NA
arecaceae,socratea,Socratea_exorrhiza,1252,16.1,5,0,9.537639592,n
rubiaceae,simira,Simira_maxonii,1254,4.6,5,0,10.65683554,NA
leguminosae,inga,Inga_sp,1255,1.9,5,0,7.205597656,NA
leguminosae,inga,Inga_pavoniana,1256,4.5,5,0,10.28152468,NA
leguminosae,inga,Inga_pavoniana,1257,4.2,5,0,8.048696016,NA
anacardiaceae,spondias,Spondias_mombin,1258,10,5,0,19.65636992,c
meliaceae,guarea,Guarea_rhopalocarpa,1259,2.7,10,0,19.12892051,NA
hernandiaceae,hernandia,Hernandia_didymantha,1264,1.7,4,0,53.95915863,NA
hernandiaceae,hernandia,Hernandia_didymantha,1264,1.7,8,0,62.65041963,NA
leguminosae,inga,Inga_ruiziana,1265,7.5,4,0,42.76694635,NA
leguminosae,inga,Inga_ruiziana,1266,8,4,0,40.01119968,NA
leguminosae,lonchocarpus,Lonchocarpus_oliganthus,1267,9.5,8,0,47.88534295,NA
rhamnaceae,colubrina,Colubrina_spinosa,1268,11.9,8,0,52.51125079,NA
rhamnaceae,colubrina,Colubrina_spinosa,1269,10.2,4,0,56.52248579,NA
rhamnaceae,colubrina,Colubrina_spinosa,1269,10.2,8,0,54.11074652,NA
araliaceae,dendropanax,Dendropanax_stenodontus,1270,6.1,4,0,47.83744349,NA
araliaceae,dendropanax,Dendropanax_stenodontus,1270,6.1,8,0,55.67665336,NA
anacardiaceae,spondias,Spondias_mombin,1271,12.1,4,0,42.91063271,c
anacardiaceae,spondias,Spondias_mombin,1271,12.1,8,0,50.87709504,c
leguminosae,lonchocarpus,Lonchocarpus_oliganthus,1272,18.5,4,0,48.13778765,NA
leguminosae,lonchocarpus,Lonchocarpus_oliganthus,1272,18.5,8,0,48.76576678,NA
salicaceae,casearia,Casearia_corymbosa,1273,2.1,4,0,39.59708196,NA
salicaceae,casearia,Casearia_corymbosa,1273,2.1,8,0,39.17815449,NA
boraginaceae,cordia,Cordia_dwyeri,1275,8.8,4,0,35.43585755,NA
boraginaceae,cordia,Cordia_dwyeri,1275,8.8,8,0,30.44530373,NA
leguminosae,inga,Inga_alba,1276,54.8,4,0,38.40352718,NA
leguminosae,inga,Inga_alba,1276,54.8,8,0,29.62466944,NA
leguminosae,inga,Inga_paterno,1277,1.8,10,0,10.32116757,NA
leguminosae,inga,Inga_tonduzii,1278,1.7,5,0,16.22148773,NA
leguminosae,inga,Inga_tonduzii,1278,1.7,10,0,15.47106008,NA
leguminosae,inga,Inga_sp,1279,3.7,5,0,19.79500279,NA
leguminosae,inga,Inga_thibaudiana,1280,2.1,5,1,14.89936864,NA
leguminosae,inga,Inga_tonduzii,1281,1.6,5,0,11.55301162,NA
myristicaceae,compsoneura,Compsoneura_sprucei,1283,7.1,5,0,22.25578053,NA
arecaceae,socratea,Socratea_exorrhiza,1284,15.5,5,0,22.93147359,n
myristicaceae,virola,Virola_sebifera,1285,4.9,5,0,28.18609721,n
lauraceae,rhodostemonodaphne,Rhodostemonodaphne_kunthiana,1287,15.2,8,0,18.92909874,NA
nyctaginaceae,neea,Neea_amplifolia,1288,5.5,8,0,18.04954873,n
leguminosae,pentaclethra,Pentaclethra_macroloba,1290,18.5,4,0,45.48248234,NA
leguminosae,pentaclethra,Pentaclethra_macroloba,1290,18.5,8,1,5.915864201,NA
bignoniaceae,tabebuia,Tabebuia_guayacan,1291,1.7,8,1,11.90000753,NA
NA,NA,NA,1292,NA,8,0,16.25474944,NA
caricaceae,jacaratia,Jacaratia_dolichaula,1293,6.5,6,0,24.56053837,NA
euphorbiaceae,alchorneopsis,Alchorneopsis_floribunda,1294,17.8,6,0,21.17048592,NA
moraceae,sorocea,Sorocea_pubivena,1295,4.3,6,0,24.39527554,NA
cecropiaceae,pourouma,Pourouma_bicolor,1296,13,6,0,17.6514492,NA
moraceae,clarisia,Clarisia_mexicana,1301,22.7,7,0,45.06611644,NA
malvaceae,hampea,Hampea_appendiculata,1302,21.9,7,0,45.35904178,NA
rubiaceae,hamelia,Hamelia_patens,1303,8.2,7,0,40.21546083,NA
leguminosae,lonchocarpus,Lonchocarpus_pentaphyllus,1304,4.1,7,0,42.1510366,NA
leguminosae,lonchocarpus,Lonchocarpus_oliganthus,1308,21.4,6,1,39.03455783,NA
boraginaceae,cordia,Cordia_alliodora,1311,38.3,6,0,37.68308518,c
moraceae,castilla,Castilla_elastica,1312,11,6,0,15.34466761,NA
rubiaceae,hamelia,Hamelia_patens,1313,9.1,6,0,7.4623241,NA
boraginaceae,cordia,Cordia_alliodora,1314,27.5,6,0,12.41222312,c
salicaceae,casearia,Casearia_corymbosa,1315,10.1,6,0,7.23479265,NA
moraceae,trophis,Trophis_racemosa,1317,9.4,6,0,21.99460381,n
rubiaceae,pentagonia,Pentagonia_donnell-smithii,1318,5.5,6,0,26.5615902,NA
rhamnaceae,colubrina,Colubrina_spinosa,1320,31,6,0,34.30128661,NA
dichapetalaceae,dichapetalum,Dichapetalum_stipulatum,1321,3.1,4,0,34.31562326,NA
dichapetalaceae,dichapetalum,Dichapetalum_stipulatum,1321,3.1,6,0,37.54310416,NA
dichapetalaceae,dichapetalum,Dichapetalum_stipulatum,1321,3.1,8,0,25.08156892,NA
rubiaceae,pentagonia,Pentagonia_donnell-smithii,1322,3.4,4,0,20.53452946,NA
rubiaceae,pentagonia,Pentagonia_donnell-smithii,1322,3.4,8,0,30.60770082,NA
leguminosae,macrolobium,Macrolobium_costaricense,1323,4.8,4,0,16.02286179,NA
sapotaceae,pouteria,Pouteria_torta,1325,1.6,4,0,28.30683663,NA
sapotaceae,pouteria,Pouteria_torta,1326,2.8,4,0,30.67146068,NA
bignoniaceae,jacaranda,Jacaranda_copaia,1332,7.7,4,0,23.81697924,c
bignoniaceae,tabebuia,Tabebuia_guayacan,1334,1,4,0,22.54532546,NA
bignoniaceae,paullinia,Paullinia_pinnata,1335,5.4,4,0,16.37583586,NA
rhamnaceae,colubrina,Colubrina_spinosa,1336,9.2,4,0,10.88225161,NA
combretaceae,terminalia,Terminalia_amazonia,1337,3.5,4,1,2.845487656,c
myristicaceae,virola,Virola_koschnyi,1338,15.2,4,0,26.90214861,NA
vochysiaceae,vochysia,Vochysia_guatemalensis,1339,7.2,4,0,23.54574271,NA
vochysiaceae,maranthes,Maranthes_panamensis,1340,7.5,4,0,39.08529775,NA
leguminosae,inga,Inga_pavoniana,1341,11.5,4,0,38.43009888,NA
leguminosae,erythrina,Erythrina_cochleata,1342,13.1,4,0,29.55056006,NA
malvaceae,hampea,Hampea_appendiculata,1343,18,4,0,30.91709236,NA
malvaceae,hamelia,Hamelia_xerocarpa,1354,1.5,4,0,59.93224341,NA
rubiaceae,psychotria,Psychotria_panamensis,1356,7,9,0,19.47705507,NA
leguminosae,erythrina,Erythrina_cochleata,1357,18.8,9,0,40.66606099,NA
arecaceae,cryosophila,Cryosophila_warscewiczii,1358,0,1,0,27.54349556,NA
leguminosae,pentaclethra,Pentaclethra_macroloba,1359,25.5,5,0,18.20565952,NA
clusiaceae,symphonia,Symphonia_globulifera,1361,0,9,0,29.99281635,n
moraceae,clarisia,Clarisia_mexicana,1362,6.2,9,0,29.62966285,NA
moraceae,maquira,Maquira_costaricana,1363,0,9,0,30.83344078,n
lauraceae,ocotea,Ocotea_hartshorniana,1364,2.5,9,0,32.2627811,NA
lauraceae,ocotea,Ocotea_atirrensis,1365,1.2,9,0,34.32560738,NA
myristicaceae,otoba,Otoba_novogranatensis,1366,4.5,9,0,35.46981993,NA
melastomataceae,miconia,Miconia_dorsiloba,1367,2.4,9,0,31.69789803,NA
malvaceae,goethalsia,Goethalsia_meiantha,1368,34.5,9,0,23.57196031,NA
rubiaceae,pentagonia,Pentagonia_donnell-smithii,1369,2.9,9,0,22.20260729,NA
sabiaceae,meliosma,Meliosma_donnell-smithii,1370,1.6,9,0,20.50153827,NA
lauraceae,ocotea,Ocotea_dendrodaphne,1371,1.9,9,0,20.99767235,NA
malvaceae,goethalsia,Goethalsia_meiantha,1372,25.5,9,0,24.99755612,NA
leguminosae,inga,Inga_leiocalycina,1374,6.8,9,0,28.70978393,NA
annonaceae,cymbopetalum,Cymbopetalum_torulosum,1375,1.1,9,0,32.40519092,NA
burseraceae,dipteryx,Dipteryx_panamensis,1376,0,9,0,33.40625074,NA
sapotaceae,pouteria,Pouteria_glomerulata,1377,1.1,9,0,26.79658907,NA
caricaceae,jacaratia,Jacaratia_dolichaula,1378,11.2,9,0,24.48561799,NA
rubiaceae,posoqueria,Posoqueria_grandiflora,1379,52.6,9,0,29.52136317,NA
burseraceae,dipteryx,Dipteryx_panamensis,1380,0,9,0,28.7532942,NA
euphorbiaceae,croton,Croton_schiedeanus,1381,5.8,9,0,34.70242064,NA
meliaceae,guarea,Guarea_sp,1382,0,9,0,32.97780338,NA
myristicaceae,virola,Virola_sebifera,1383,0,9,0,36.55696389,n
solanaceae,cestrum,Cestrum_megalophyllum,1387,3.9,9,0,19.95262182,NA
malvaceae,goethalsia,Goethalsia_meiantha,1388,35,9,1,20.26593764,NA
myristicaceae,otoba,Otoba_novogranatensis,1389,5,9,0,21.25805855,NA
myristicaceae,virola,Virola_koschnyi,1390,8.1,9,0,20.76391742,NA
melastomataceae,miconia,Miconia_multispicata,1391,5.1,9,0,21.32052697,NA
moraceae,sorocea,Sorocea_pubivena,1392,2.9,9,0,24.3000006,NA
simaroubaceae,simarouba,Simarouba_amara,1393,2.6,9,0,24.80229451,n
malvaceae,goethalsia,Goethalsia_meiantha,1394,33.3,9,0,24.70417401,NA
monimiaceae,siparuna,Siparuna_pauciflora,1396,8.5,9,0,22.49189026,n
leguminosae,inga,Inga_leiocalycina,1397,6.9,9,0,28.59065823,NA
myristicaceae,virola,Virola_sebifera,1398,9.3,9,0,30.94380797,n
malvaceae,goethalsia,Goethalsia_meiantha,1399,37,9,0,30.88534906,NA
moraceae,perebea,Perebea_angustifolia,1400,1.3,9,0,34.36493648,NA
euphorbiaceae,alchornea,Alchornea_costaricensis,1401,31.5,9,0,34.42953373,c
malvaceae,goethalsia,Goethalsia_meiantha,1402,45,9,0,29.56212743,NA
rubiaceae,psychotria,Psychothria_graciliflora,1403,0,9,0,30.6851661,NA
flacourtiaceae,casearia,Casearia_commersoniana,1404,0,9,0,31.23452452,NA
myristicaceae,virola,Virola_sebifera,1405,9.1,9,0,38.27644648,n
rhizophoraceae,cassipourea,Cassipourea_elliptica,1407,0,9,0,38.19320956,n
melastomataceae,miconia,Miconia_appendiculata,1408,6.5,9,0,39.72867892,NA
malvaceae,goethalsia,Goethalsia_meiantha,1409,31.5,9,0,40.03153898,NA
moraceae,ficus,Ficus_maxima,1410,7.7,9,0,42.40632916,NA
leguminosae,inga,Inga_pavoniana,1411,6.5,9,0,37.51389546,NA
caricaceae,jacaratia,Jacaratia_dolichaula,1415,9.6,9,0,44.94966018,NA
olacaceae,heisteria,Heisteria_concinna,1416,0,9,0,45.69963393,n
malvaceae,goethalsia,Goethalsia_meiantha,1418,55,9,0,51.54532201,NA
euphorbiaceae,sapium,Sapium_glandulosum,1419,15,9,0,52.17331491,NA
monimiaceae,siparuna,Siparuna_pauciflora,1421,4.5,9,0,50.16097344,n
lauraceae,ocotea,Ocotea_hartshorniana,1425,12.5,9,0,49.2629926,NA
cecropiaceae,pourouma,Pourouma_bicolor,1436,12.3,9,0,42.61537013,NA
moraceae,ficus,Ficus_tonduzii,1437,11.5,9,0,38.17989174,NA
moraceae,sorocea,Sorocea_pubivena,1438,6.1,9,0,35.73290778,NA
lacistemaceae,lacistema,Lacistema_aggregatum,1439,5.5,9,0,32.3466422,n
myristicaceae,virola,Virola_sebifera,1440,17.8,9,0,30.4630936,n
malvaceae,goethalsia,Goethalsia_meiantha,1442,45,9,0,22.68576289,NA
anacardiaceae,tapirira,Tapirira_myriantha,1443,6.5,9,0,25.48283272,NA
malvaceae,goethalsia,Goethalsia_meiantha,1444,31,9,0,25.35297943,NA
clusiaceae,tovomitopsis,Tovomitopsis_nicaraguensis,1445,2.5,9,0,25.72913212,NA
malvaceae,goethalsia,Goethalsia_meiantha,1446,36,9,0,26.29076502,NA
myristicaceae,otoba,Otoba_novogranatensis,1447,3.7,9,0,29.5035146,NA
hernandiaceae,hernandia,Hernandia_didymantha,1448,9.2,9,0,30.58964095,NA
melastomataceae,miconia,Miconia_sp,1449,4.2,9,0,32.32629818,NA
sapotaceae,pouteria,Pouteria_glomerulata,1450,0,9,0,35.63480048,NA
rubiaceae,psychotria,Psychotria_chiapensis,1451,0,9,0,40.17421459,NA
malvaceae,hampea,Hampea_appendiculata,1452,16.5,9,0,40.43855759,NA
annonaceae,cymbopetalum,Cymbopetalum_torulosum,1453,2.8,9,0,38.63187932,NA
moraceae,perebea,Perebea_angustifolia,1454,3,9,0,40.02852491,NA
moraceae,castilla,Castilla_elastica,1456,8,9,0,45.82407398,NA
ulmaceae,trema,Trema_integerrima,1457,16.8,9,0,43.4612207,NA
lauraceae,ocotea,Ocotea_hartshorniana,1458,5.7,9,0,48.08405429,NA
ulmaceae,celtis,Celtis_schippii,1459,12,9,0,49.592274,NA
rubiaceae,coussarea,Coussarea_hondensis,1469,2.7,7,0,21.15928734,NA
malvaceae,goethalsia,Goethalsia_meiantha,1471,57,7,0,22.37253056,NA
leguminosae,erythrina,Erythrina_cochleata,1472,4.3,7,0,20.55862683,NA
leguminosae,dussia,Dussia_macroprophyllata,1473,2.7,7,0,22.31174583,NA
boraginaceae,cordia,Cordia_bicolor,1474,6,7,0,16.33745464,c
elaeocarpaceae,sloanea,Sloanea_laevigata,1475,1.8,7,0,12.90700451,NA
moraceae,trophis,Trophis_racemosa,1476,4.8,7,0,12.00026092,n
malvaceae,goethalsia,Goethalsia_meiantha,1477,32.5,7,1,14.26359142,NA
