Species,DBH,Colony,Foraged,Distance,succession
Abarema_macradenia,13,4,0,47.72762408,n
Abarema_macradenia,13,8,0,17.6514492,n
Abarema_macradenia,13,4,0,17.6514492,n
Abarema_macradenia,13,8,0,40.63196192,n
Abarema_macradenia,13,8,0,22.33832255,n
Abarema_macradenia,13,4,0,22.33832255,n
Abarema_macradenia,15.5,5,0,40.79278858,n
Abarema_macradenia,15.5,5,0,19.09289616,n
Abarema_macradenia,15.5,5,0,18.21085966,n
Abarema_macradenia,13,8,0,47.72762408,n
Abarema_macradenia,13,4,0,40.63196192,n
Abarema_macradenia,15.5,5,0,22.93147359,n
Aegiphila_falcata,4,7,0,24.1524181,n
Aegiphila_falcata,4,7,0,17.99133473,n
Aegiphila_falcata,4,7,0,17.57327373,n
Aegiphila_falcata,4,7,0,11.80482622,n
Aegiphila_falcata,8.3,1,1,7.191975977,n
Alchornea_costaricensis,54,8,0,34.37773304,c
Alchornea_costaricensis,61.5,8,0,37.16535994,c
Alchornea_costaricensis,54,4,1,53.7172086,c
Alchornea_costaricensis,54,8,0,4.473351857,c
Alchornea_costaricensis,31.5,9,0,40.03153898,c
Alchornea_costaricensis,93.5,4,1,61.13413531,c
Alchornea_costaricensis,93.5,4,1,62.77287001,c
Alchornea_costaricensis,61.5,8,0,32.15042924,c
Alchornea_costaricensis,54,8,0,60.43985522,c
Alchornea_costaricensis,54,8,0,14.16646368,c
Alchornea_costaricensis,98.5,4,1,45.56052019,c
Alchornea_costaricensis,93.5,8,1,61.13413531,c
Alchornea_costaricensis,61.5,4,0,19.38287904,c
Alchornea_costaricensis,31.5,9,0,34.42953373,c
Alchornea_costaricensis,61.5,4,0,37.16535994,c
Alchornea_costaricensis,61.5,8,0,19.38287904,c
Alchornea_costaricensis,98.5,8,0,58.76722292,c
Alchornea_costaricensis,61.5,4,0,32.15042924,c
Alchornea_costaricensis,93.5,8,1,62.77287001,c
Alchornea_sp,6.2,7,0,23.88246265,n
Alchornea_sp,6.2,7,0,14.09592078,n
Alchornea_sp,6.2,7,0,14.5983047,n
Alchornea_sp,6.2,7,0,12.79854495,n
Alchornea_sp,6.2,7,0,29.62966285,n
Alchornea_sp,6.2,7,0,43.47608538,n
Alchornea_sp,6.2,7,0,12.02018549,n
Alchorneopsis_floribunda,17.8,6,0,43.13952248,n
Alchorneopsis_floribunda,17.8,6,0,30.4630936,n
Alchorneopsis_floribunda,40,9,1,52.63475873,n
Alchorneopsis_floribunda,17.8,6,0,21.17048592,n
Ampelocera_macrocarpa,97,4,0,39.41559336,n
Andira_inermis,23.9,9,1,15.54289044,n
Andira_inermis,29.5,4,0,28.67874649,n
Andira_inermis,29.5,4,0,20.30156194,n
Apeiba_membranacea,47.1,9,0,32.78295829,c
Apeiba_membranacea,76.3,4,0,55.5092758,c
Apeiba_membranacea,16.3,9,0,25.57669447,c
Apeiba_membranacea,16.3,9,0,40.5897156,c
Apeiba_membranacea,62.8,7,1,11.44362569,c
Apeiba_membranacea,16.3,9,0,35.11620005,c
Apeiba_membranacea,76.3,4,0,54.19728776,c
Apeiba_membranacea,16.3,9,0,10.7565084,c
Apeiba_membranacea,16.3,9,0,26.00447998,c
Ardisia_auriculata,6.4,5,0,41.39546032,n
Ardisia_auriculata,4.1,7,0,3.72484899,n
Ardisia_auriculata,6.4,5,0,30.54382721,n
Ardisia_auriculata,4.1,7,0,4.834397584,n
Ardisia_auriculata,6.4,5,0,34.45664883,n
Ardisia_auriculata,6.4,7,0,34.45664883,n
Ardisia_auriculata,6.4,7,0,30.54382721,n
Ardisia_auriculata,6.4,7,0,41.39546032,n
Ardisia_auriculata,4.1,7,0,21.13077386,n
Ardisia_auriculata,4.1,7,0,42.1510366,n
Ardisia_auriculata,4.1,7,0,32.33984805,n
Ardisia_granatensis,21.7,5,0,47.99133672,n
Ardisia_granatensis,12.3,7,0,30.82366706,n
Ardisia_granatensis,2.7,8,1,73.8324604,n
Ardisia_granatensis,12.3,7,0,42.61537013,n
Ardisia_granatensis,12.3,7,0,65.85640819,n
Ardisia_granatensis,2.7,8,1,15.22308343,n
Ardisia_granatensis,12.3,7,0,12.58842998,n
Ardisia_granatensis,12.3,7,0,38.90643937,n
Ardisia_granatensis,21.7,5,0,18.29810503,n
Ardisia_granatensis,12.3,7,0,29.21185375,n
Ardisia_nigropunctata,6.1,5,0,35.73290778,n
Ardisia_nigropunctata,6.1,5,0,32.68651794,n
Ardisia_nigropunctata,6.1,5,0,47.83744349,n
Ardisia_nigropunctata,6.1,5,0,24.78984866,n
Ardisia_nigropunctata,4,5,0,24.1524181,n
Ardisia_nigropunctata,6.1,5,0,27.84393003,n
Ardisia_nigropunctata,4,5,0,17.99133473,n
Ardisia_nigropunctata,6.1,5,0,17.5649936,n
Ardisia_nigropunctata,4,5,0,11.80482622,n
Ardisia_nigropunctata,6.1,5,0,55.67665336,n
Ardisia_nigropunctata,4,5,0,17.57327373,n
Ardisia_nigropunctata,6.1,5,0,38.02385041,n
Aspidosperma_spruceanum,1.2,1,0,5.110994411,n
Aspidosperma_spruceanum,1.2,1,0,34.32560738,n
Aspidosperma_spruceanum,9,1,0,28.21647432,n
Aspidosperma_spruceanum,9,1,0,17.45111931,n
Aspidosperma_spruceanum,9,1,0,9.09192252,n
Bactris_coloradensis,5.7,1,0,26.96105562,n
Bactris_coloradensis,5.7,1,0,29.53189973,n
Bactris_coloradensis,5.7,1,0,32.29384616,n
Bactris_coloradensis,5.7,9,0,29.53189973,n
Bactris_coloradensis,5.7,9,0,32.29384616,n
Bactris_coloradensis,5.7,9,0,26.96105562,n
Bactris_coloradensis,5.7,9,0,48.08405429,n
Bactris_coloradensis,5.7,9,0,18.64102883,n
Bactris_coloradensis,5.7,1,0,18.64102883,n
Bactris_coloradensis,5.7,1,0,48.08405429,n
Balizia_elegans,1.8,5,0,21.60457551,n
Balizia_elegans,14.1,5,0,43.6563867,n
Balizia_elegans,77,5,0,2.271687094,n
Balizia_elegans,1.8,5,0,12.90700451,n
Balizia_elegans,14.1,5,0,15.72547843,n
Balizia_elegans,77,5,0,27.96058505,n
Balizia_elegans,14.1,5,0,13.61175551,n
Balizia_elegans,14.1,5,0,29.64667623,n
Balizia_elegans,1.8,5,0,7.258437224,n
Balizia_elegans,1.8,5,0,10.32116757,n
Bravaisia_integerrima,38.5,8,0,25.76932363,n
Bravaisia_integerrima,38.5,8,0,46.29140492,n
Brosimum_alicastrum,7.7,6,0,18.53780909,n
Brosimum_alicastrum,7.7,6,0,25.86002108,n
Brosimum_alicastrum,7.7,6,0,42.40632916,n
Brosimum_alicastrum,3,6,0,24.73569576,n
Brosimum_alicastrum,3,6,0,40.02852491,n
Brosimum_alicastrum,3,6,0,19.18107386,n
Brosimum_alicastrum,7.7,6,0,23.81697924,n
Brosimum_lactescens,25,9,0,22.89576064,n
Brosimum_lactescens,25,9,0,27.59932246,n
Brosimum_lactescens,23.1,1,0,39.9062679,n
Brosimum_lactescens,25,9,0,30.03531784,n
Brosimum_lactescens,25,9,0,50.38903055,n
Brosimum_lactescens,13.8,6,0,35.6933061,n
Brosimum_lactescens,25,9,0,23.09181351,n
Brosimum_lactescens,13.8,6,0,35.44139471,n
Brosimum_lactescens,13.8,6,0,34.49119156,n
Bunchosia_ocellata,11.8,6,0,23.86201078,n
Bunchosia_ocellata,11.8,6,0,21.27316955,n
Bursera_simaruba,9.8,4,0,30.0514318,n
Bursera_simaruba,9.8,4,0,27.86404314,n
Bursera_simaruba,9.8,4,0,28.99430461,n
Bursera_simaruba,9.8,4,0,32.93820274,n
Bursera_simaruba,9.8,4,0,26.37918401,n
Calophyllum_brasiliense,21.6,4,0,27.56490522,n
Calophyllum_brasiliense,21.6,4,0,49.3852559,n
Calyptrogyne_ghiesbreghtiana,8.5,9,0,9.190788867,n
Calyptrogyne_ghiesbreghtiana,8.5,9,0,7.782328251,n
Calyptrogyne_ghiesbreghtiana,8.5,9,0,22.49189026,n
Calyptrogyne_ghiesbreghtiana,8.5,9,0,44.68018402,n
Capparis_pittieri,14.2,4,0,19.26167618,n
Capparis_pittieri,15.5,6,0,18.21085966,n
Capparis_pittieri,14.2,4,0,17.62512411,n
Capparis_pittieri,17.3,1,0,16.97437295,n
Capparis_pittieri,14.2,4,0,20.82831434,n
Capparis_pittieri,15.5,6,0,19.09289616,n
Capparis_pittieri,15.5,6,0,40.79278858,n
Capparis_pittieri,13.2,1,0,13.44573265,n
Capparis_pittieri,15.5,6,0,22.93147359,n
Carapa_guianensis,5.9,5,0,5.56400241,n
Carapa_guianensis,5.9,5,0,43.08531188,n
Carapa_guianensis,5.9,5,0,30.98645283,n
Casearia_arborea,16.3,7,0,25.57669447,c
Casearia_arborea,14.4,9,0,30.3264012,c
Casearia_arborea,16.3,7,0,35.11620005,c
Casearia_arborea,14.4,9,0,47.7883833,c
Casearia_arborea,14.4,9,0,51.7182724,c
Casearia_arborea,16.3,7,0,10.7565084,c
Casearia_arborea,16.3,7,0,40.5897156,c
Casearia_arborea,9.6,7,1,22.89781997,c
Casearia_arborea,16.3,7,0,26.00447998,c
Casearia_commersoniana,1.7,7,0,15.47106008,n
Casearia_commersoniana,1.7,7,0,16.22148773,n
Casearia_commersoniana,1.7,7,0,62.65041963,n
Casearia_commersoniana,1.7,7,0,23.58137181,n
Casearia_commersoniana,1.7,7,0,53.95915863,n
Casearia_corymbosa,24.5,6,0,1.918593235,n
Casearia_corymbosa,2.1,8,0,39.17815449,n
Casearia_corymbosa,10.1,6,0,24.77883031,n
Casearia_corymbosa,2.1,8,0,22.97297731,n
Casearia_corymbosa,2.1,4,0,6.233535446,n
Casearia_corymbosa,2.1,4,0,39.59708196,n
Casearia_corymbosa,46.5,6,1,17.62553917,n
Casearia_corymbosa,2.1,8,0,11.67663729,n
Casearia_corymbosa,10.1,6,0,12.68771059,n
Casearia_corymbosa,2.1,4,0,11.67663729,n
Casearia_corymbosa,24.5,6,0,27.48547233,n
Casearia_corymbosa,10.1,6,0,7.23479265,n
Casearia_corymbosa,2.1,8,0,6.233535446,n
Casearia_corymbosa,10.1,6,0,8.578712725,n
Casearia_corymbosa,2.1,4,0,39.17815449,n
Casearia_corymbosa,2.1,8,0,39.59708196,n
Casearia_corymbosa,24.5,6,0,21.94416048,n
Casearia_corymbosa,2.1,4,0,22.97297731,n
Casearia_sylvestris,4.4,5,0,41.90883264,n
Casearia_sylvestris,4.4,5,0,34.10115317,n
Casearia_sylvestris,4.4,5,0,13.85235942,n
Cassia_papillosa,10,6,0,26.7567893,n
Cassia_papillosa,9,1,0,17.45111931,n
Cassia_papillosa,16.3,6,0,35.11620005,n
Cassia_papillosa,16.3,6,0,10.7565084,n
Cassia_papillosa,9,1,0,9.09192252,n
Cassia_papillosa,16.3,6,0,26.00447998,n
Cassia_papillosa,10,6,0,19.65636992,n
Cassia_papillosa,10,6,0,29.01684123,n
Cassia_papillosa,9,1,0,28.21647432,n
Cassia_papillosa,9,6,0,28.21647432,n
Cassia_papillosa,16.3,6,0,40.5897156,n
Cassia_papillosa,16.3,6,0,25.57669447,n
Cassia_papillosa,9,6,0,17.45111931,n
Cassia_papillosa,9,6,0,9.09192252,n
Cassipourea_elliptica,4.1,4,0,42.1510366,n
Cassipourea_elliptica,4.1,4,0,3.72484899,n
Cassipourea_elliptica,4.1,4,0,4.834397584,n
Cassipourea_elliptica,4.1,4,0,32.33984805,n
Cassipourea_elliptica,4.1,4,0,21.13077386,n
Cassipourea_elliptica,17.4,4,0,15.70345822,n
Castilla_elastica,11,6,0,15.34466761,n
Castilla_elastica,10.1,4,0,24.77883031,n
Castilla_elastica,58,9,0,24.71619189,n
Castilla_elastica,57.5,4,0,9.125486288,n
Castilla_elastica,8,9,0,40.01119968,n
Castilla_elastica,47.5,4,0,32.46422983,n
Castilla_elastica,45.8,5,0,26.89662599,n
Castilla_elastica,11,6,0,11.00743924,n
Castilla_elastica,8,9,0,32.62204484,n
Castilla_elastica,47.5,4,0,32.9987424,n
Castilla_elastica,10.1,4,0,8.578712725,n
Castilla_elastica,8,9,0,46.67602393,n
Castilla_elastica,8,9,0,31.6650754,n
Castilla_elastica,8,9,0,45.82407398,n
Castilla_elastica,10.1,4,0,7.23479265,n
Castilla_elastica,10.1,4,0,12.68771059,n
Castilla_elastica,47.5,4,0,16.6251406,n
Cecropia_insignis,22.3,6,0,32.07942536,c
Cecropia_insignis,22.3,6,0,16.23106801,c
Cecropia_obtusifolia,25,6,0,27.59932246,c
Cecropia_obtusifolia,16,4,0,19.01029068,c
Cecropia_obtusifolia,16,4,0,37.22693245,c
Cecropia_obtusifolia,25,6,0,23.09181351,c
Cecropia_obtusifolia,25,6,0,30.03531784,c
Cecropia_obtusifolia,25,6,0,50.38903055,c
Cecropia_obtusifolia,25,6,0,22.89576064,c
Cedrela_odorata,75.5,5,0,34.58706633,n
Cedrela_odorata,58.5,8,1,7.164949407,n
Cedrela_odorata,58.5,8,1,26.63806373,n
Cedrela_odorata,58.5,10,1,7.164949407,n
Cedrela_odorata,58.5,10,1,25.81986392,n
Cedrela_odorata,58.5,8,1,25.81986392,n
Cedrela_odorata,58.5,10,1,26.63806373,n
Ceiba_pentandra,83.5,4,1,41.15497661,n
Ceiba_pentandra,14.3,4,0,23.02140308,n
Ceiba_pentandra,14.3,4,0,20.41336817,n
Celtis_schippii,7.2,9,0,31.18647827,n
Celtis_schippii,12,9,0,49.592274,n
Celtis_schippii,7.2,9,0,23.54574271,n
Celtis_schippii,12,9,0,11.46994769,n
Celtis_schippii,7.2,9,0,18.64903268,n
Celtis_schippii,12,9,0,24.64786384,n
Cestrum_megalophyllum,3.9,9,0,19.95262182,n
Cestrum_megalophyllum,3.9,9,0,26.54868043,n
Chimarrhis_parviflora,37.8,9,0,42.39022334,n
Chrysophyllum_venezuelanense,16.6,8,0,1.003194896,n
Chrysophyllum_venezuelanense,6.9,5,0,28.59065823,n
Chrysophyllum_venezuelanense,7.4,5,0,13.14389592,n
Chrysophyllum_venezuelanense,9.8,4,0,28.99430461,n
Chrysophyllum_venezuelanense,16.5,9,0,52.93771713,n
Chrysophyllum_venezuelanense,6.9,5,0,27.25564361,n
Chrysophyllum_venezuelanense,16.6,8,0,26.73569784,n
Chrysophyllum_venezuelanense,9.8,4,0,27.86404314,n
Chrysophyllum_venezuelanense,6.9,5,0,34.54719592,n
Chrysophyllum_venezuelanense,9.8,4,0,26.37918401,n
Chrysophyllum_venezuelanense,13.3,8,0,14.98814296,n
Chrysophyllum_venezuelanense,16.6,10,0,26.73569784,n
Chrysophyllum_venezuelanense,16.5,9,0,21.37854298,n
Chrysophyllum_venezuelanense,13.3,9,0,37.59964414,n
Chrysophyllum_venezuelanense,14.1,7,0,29.64667623,n
Chrysophyllum_venezuelanense,11.3,5,0,49.79524703,n
Chrysophyllum_venezuelanense,13.3,8,0,51.88135021,n
Chrysophyllum_venezuelanense,7.4,5,0,26.23673214,n
Chrysophyllum_venezuelanense,14.8,7,0,4.866606498,n
Chrysophyllum_venezuelanense,7.4,5,0,19.85321717,n
Chrysophyllum_venezuelanense,14.1,7,0,15.72547843,n
Chrysophyllum_venezuelanense,16.6,10,0,1.003194896,n
Chrysophyllum_venezuelanense,9.8,4,0,30.0514318,n
Chrysophyllum_venezuelanense,16.5,7,0,21.37854298,n
Chrysophyllum_venezuelanense,14.1,7,0,13.61175551,n
Chrysophyllum_venezuelanense,11.3,5,0,21.06230278,n
Chrysophyllum_venezuelanense,13.3,9,0,47.4664945,n
Chrysophyllum_venezuelanense,16.5,9,0,20.23804066,n
Chrysophyllum_venezuelanense,14.1,7,0,43.6563867,n
Chrysophyllum_venezuelanense,16.5,7,0,7.729074977,n
Chrysophyllum_venezuelanense,13.3,8,0,46.33003678,n
Chrysophyllum_venezuelanense,14.8,7,0,14.81303253,n
Chrysophyllum_venezuelanense,16.5,7,0,52.93771713,n
Chrysophyllum_venezuelanense,13.3,9,0,14.98814296,n
Chrysophyllum_venezuelanense,9.8,4,0,32.93820274,n
Chrysophyllum_venezuelanense,16.5,7,0,20.23804066,n
Chrysophyllum_venezuelanense,16.5,9,0,40.43855759,n
Chrysophyllum_venezuelanense,13.3,8,0,37.59964414,n
Chrysophyllum_venezuelanense,6.9,7,0,28.59065823,n
Chrysophyllum_venezuelanense,6.9,7,0,27.25564361,n
Chrysophyllum_venezuelanense,13.3,8,0,7.588732388,n
Chrysophyllum_venezuelanense,13.3,9,0,51.88135021,n
Chrysophyllum_venezuelanense,16.5,7,0,36.90621393,n
Chrysophyllum_venezuelanense,14.8,7,0,16.04060609,n
Chrysophyllum_venezuelanense,16.5,9,0,36.90621393,n
Chrysophyllum_venezuelanense,13.3,8,0,47.4664945,n
Chrysophyllum_venezuelanense,14.8,7,0,30.06721518,n
Chrysophyllum_venezuelanense,13.3,9,0,46.33003678,n
Chrysophyllum_venezuelanense,16.5,7,0,40.43855759,n
Chrysophyllum_venezuelanense,16.5,9,0,7.729074977,n
Chrysophyllum_venezuelanense,13.3,9,0,7.588732388,n
Chrysophyllum_venezuelanense,6.9,7,0,34.54719592,n
Clarisia_mexicana,22.7,7,0,45.06611644,n
Clarisia_mexicana,6.2,9,0,43.47608538,n
Clarisia_mexicana,14.4,4,0,51.7182724,n
Clarisia_mexicana,71.5,6,1,18.38318487,n
Clarisia_mexicana,14.4,4,0,30.3264012,n
Clarisia_mexicana,12.3,8,0,30.82366706,n
Clarisia_mexicana,12.3,8,0,65.85640819,n
Clarisia_mexicana,12.3,8,0,42.61537013,n
Clarisia_mexicana,21.7,4,0,18.29810503,n
Clarisia_mexicana,6.2,9,0,12.79854495,n
Clarisia_mexicana,11.7,7,0,25.5263397,n
Clarisia_mexicana,27.1,4,1,15.28026505,n
Clarisia_mexicana,6.2,9,0,29.62966285,n
Clarisia_mexicana,23,5,1,1.044894155,n
Clarisia_mexicana,21.7,4,0,47.99133672,n
Clarisia_mexicana,14.4,4,0,47.7883833,n
Clarisia_mexicana,14.4,8,1,2.897786957,n
Clarisia_mexicana,6.2,9,0,14.5983047,n
Clarisia_mexicana,11.5,4,0,38.43009888,n
Clarisia_mexicana,12.3,8,0,29.21185375,n
Clarisia_mexicana,11.5,4,0,38.17989174,n
Clarisia_mexicana,11.5,4,0,10.80253674,n
Clarisia_mexicana,6.2,9,0,14.09592078,n
Clarisia_mexicana,6.2,9,0,23.88246265,n
Clarisia_mexicana,12.3,8,0,12.58842998,n
Clarisia_mexicana,13.7,6,0,7.431910971,n
Clarisia_mexicana,13.7,6,0,11.14255088,n
Clarisia_mexicana,6.2,9,0,12.02018549,n
Clarisia_mexicana,12.3,8,0,38.90643937,n
Clarisia_mexicana,21.7,8,1,3.067269021,n
Cojoba_catenata,2.3,5,0,13.62742199,n
Cojoba_catenata,6.2,10,0,29.62966285,n
Cojoba_catenata,6.2,10,0,43.47608538,n
Cojoba_catenata,2.1,5,0,22.97297731,n
Cojoba_catenata,2.3,5,0,29.90975761,n
Cojoba_catenata,2.3,5,0,26.81471348,n
Cojoba_catenata,2.3,5,0,41.87514874,n
Cojoba_catenata,6.2,10,0,12.79854495,n
Cojoba_catenata,2.1,5,0,11.67663729,n
Cojoba_catenata,6.2,10,0,14.09592078,n
Cojoba_catenata,2.1,5,0,6.233535446,n
Cojoba_catenata,6.2,10,0,23.88246265,n
Cojoba_catenata,6.2,10,0,12.02018549,n
Cojoba_catenata,6.2,10,0,14.5983047,n
Cojoba_catenata,2.1,5,0,39.17815449,n
Cojoba_catenata,2.1,5,0,39.59708196,n
Cojoba_catenata,2.3,5,0,10.77935195,n
Cojoba_valerioi,5.9,8,0,30.98645283,n
Cojoba_valerioi,5.9,8,0,5.56400241,n
Cojoba_valerioi,5.9,8,0,43.08531188,n
Cojoba_valerioi,5.9,4,0,43.08531188,n
Cojoba_valerioi,5.9,4,0,5.56400241,n
Cojoba_valerioi,5.9,4,0,30.98645283,n
Colubrina_spinosa,10.2,8,0,54.11074652,n
Colubrina_spinosa,11.9,8,0,43.55321458,n
Colubrina_spinosa,19.8,10,0,7.927937941,n
Colubrina_spinosa,9.2,4,0,26.808106,n
Colubrina_spinosa,35.3,4,0,11.41431119,n
Colubrina_spinosa,19.8,8,0,32.81223475,n
Colubrina_spinosa,35.3,4,0,37.60590058,n
Colubrina_spinosa,10.2,4,0,56.52248579,n
Colubrina_spinosa,9.2,4,0,30.58964095,n
Colubrina_spinosa,10.2,4,0,54.11074652,n
Colubrina_spinosa,31,6,0,25.35297943,n
Colubrina_spinosa,15,9,0,52.17331491,n
Colubrina_spinosa,10.2,8,0,56.52248579,n
Colubrina_spinosa,31,6,0,34.30128661,n
Colubrina_spinosa,11.9,8,0,33.80790932,n
Colubrina_spinosa,19.8,8,0,7.927937941,n
Colubrina_spinosa,11.9,8,0,52.51125079,n
Colubrina_spinosa,9.2,4,0,10.88225161,n
Colubrina_spinosa,19.8,10,0,32.81223475,n
Colubrina_spinosa,11.9,8,0,15.8150934,n
Colubrina_spinosa,15,9,0,33.14298483,n
Compsoneura_sprucei,5.8,5,0,34.70242064,n
Compsoneura_sprucei,5.8,5,0,6.521955555,n
Compsoneura_sprucei,3.9,5,0,19.95262182,n
Compsoneura_sprucei,3.9,5,0,26.54868043,n
Compsoneura_sprucei,5.8,5,0,31.50157527,n
Compsoneura_sprucei,8.2,1,1,44.61462979,n
Compsoneura_sprucei,7.1,5,0,15.72509459,n
Compsoneura_sprucei,7.1,5,0,22.25578053,n
Conceveiba_pleiostemona,25,4,0,50.38903055,n
Conceveiba_pleiostemona,25,8,1,32.41012441,n
Conceveiba_pleiostemona,25,4,0,27.59932246,n
Conceveiba_pleiostemona,25,8,1,2.903566643,n
Conceveiba_pleiostemona,25,4,0,30.03531784,n
Conceveiba_pleiostemona,25,4,0,22.89576064,n
Conceveiba_pleiostemona,25,4,0,23.09181351,n
Cordia_alliodora,30.5,9,1,15.54288806,c
Cordia_alliodora,32,6,0,49.05762428,c
Cordia_alliodora,66.5,6,0,18.09489707,c
Cordia_alliodora,27.5,6,0,12.41222312,c
Cordia_alliodora,37.9,9,0,36.64971322,c
Cordia_alliodora,40.1,9,1,5.717907386,c
Cordia_alliodora,45.4,9,0,25.54074245,c
Cordia_alliodora,30.5,9,0,10.67484376,c
Cordia_alliodora,34.5,9,0,34.91535627,c
Cordia_alliodora,66.5,4,0,4.161102364,c
Cordia_alliodora,30.5,9,0,33.92255786,c
Cordia_alliodora,16.5,4,0,20.23804066,c
Cordia_alliodora,36.3,9,0,34.75600678,c
Cordia_alliodora,50,9,0,35.99195922,c
Cordia_alliodora,23,6,0,33.64266307,c
Cordia_alliodora,38,9,1,36.21238799,c
Cordia_alliodora,11.9,4,0,52.51125079,c
Cordia_alliodora,22.1,9,0,24.30768662,c
Cordia_alliodora,17.9,9,0,17.79468854,c
Cordia_alliodora,11.9,4,0,15.8150934,c
Cordia_alliodora,11.9,8,0,43.55321458,c
Cordia_alliodora,38.5,9,0,25.76932363,c
Cordia_alliodora,66.5,4,0,18.09489707,c
Cordia_alliodora,23.7,9,0,31.02071836,c
Cordia_alliodora,34,9,0,11.82043777,c
Cordia_alliodora,32.3,9,0,40.55033896,c
Cordia_alliodora,30.5,9,0,12.90926159,c
Cordia_alliodora,36.9,9,0,33.72208058,c
Cordia_alliodora,22.3,9,0,16.23106801,c
Cordia_alliodora,34.5,9,0,21.07448336,c
Cordia_alliodora,45.4,9,1,35.24056785,c
Cordia_alliodora,14.4,9,0,47.7883833,c
Cordia_alliodora,52,7,1,8.733479795,c
Cordia_alliodora,66.5,4,0,14.12183909,c
Cordia_alliodora,27.5,6,0,45.0632349,c
Cordia_alliodora,21.9,9,0,26.68147404,c
Cordia_alliodora,49.5,9,0,24.343067,c
Cordia_alliodora,36.4,9,1,15.38184103,c
Cordia_alliodora,60.5,4,0,35.50108167,c
Cordia_alliodora,16.5,4,0,40.43855759,c
Cordia_alliodora,11.9,8,0,33.80790932,c
Cordia_alliodora,43,7,1,39.6388489,c
Cordia_alliodora,16.5,4,0,52.93771713,c
Cordia_alliodora,17.9,9,0,32.05873858,c
Cordia_alliodora,11.9,4,0,43.55321458,c
Cordia_alliodora,21.9,9,0,45.35904178,c
Cordia_alliodora,27.5,6,0,31.88128559,c
Cordia_alliodora,22.3,9,0,32.07942536,c
Cordia_alliodora,34.5,9,0,23.57196031,c
Cordia_alliodora,54,5,0,34.37773304,c
Cordia_alliodora,15.1,9,0,25.73065249,c
Cordia_alliodora,54,5,0,4.473351857,c
Cordia_alliodora,32,6,0,44.89912633,c
Cordia_alliodora,46.9,9,0,16.92818092,c
Cordia_alliodora,11.9,8,0,15.8150934,c
Cordia_alliodora,43,7,1,35.93301482,c
Cordia_alliodora,76.3,4,0,55.5092758,c
Cordia_alliodora,14.4,9,0,30.3264012,c
Cordia_alliodora,23.7,9,0,27.12676184,c
Cordia_alliodora,66.5,6,0,4.161102364,c
Cordia_alliodora,41.5,9,0,32.10555145,c
Cordia_alliodora,54,5,0,14.16646368,c
Cordia_alliodora,25.1,4,0,34.28232927,c
Cordia_alliodora,54,5,0,60.43985522,c
Cordia_alliodora,16.5,4,0,7.729074977,c
Cordia_alliodora,38.5,9,0,46.29140492,c
Cordia_alliodora,11.9,8,0,52.51125079,c
Cordia_alliodora,31.8,9,0,36.48994667,c
Cordia_alliodora,29.5,9,0,28.67874649,c
Cordia_alliodora,46.9,9,0,21.62634241,c
Cordia_alliodora,27.5,6,0,40.40790146,c
Cordia_alliodora,28.1,9,0,28.03669876,c
Cordia_alliodora,36.4,9,0,30.0278116,c
Cordia_alliodora,21.9,9,0,18.82545706,c
Cordia_alliodora,45,9,0,22.68576289,c
Cordia_alliodora,48.5,9,1,10.88730264,c
Cordia_alliodora,48.9,6,0,12.03158733,c
Cordia_alliodora,36.4,7,1,15.38184103,c
Cordia_alliodora,11.9,6,0,15.8150934,c
Cordia_alliodora,45.5,9,0,28.09970403,c
Cordia_alliodora,29.5,9,0,20.30156194,c
Cordia_alliodora,76.3,4,0,54.19728776,c
Cordia_alliodora,36.4,9,1,45.50855844,c
Cordia_alliodora,45.5,9,0,17.59851995,c
Cordia_alliodora,38.3,6,0,37.68308518,c
Cordia_alliodora,16.5,4,0,21.37854298,c
Cordia_alliodora,35.9,6,0,31.79906743,c
Cordia_alliodora,43.8,9,1,11.29073587,c
Cordia_alliodora,11.9,6,0,33.80790932,c
Cordia_alliodora,45,9,0,38.75773302,c
Cordia_alliodora,21.3,6,1,14.56611876,c
Cordia_alliodora,15.1,9,0,9.613957812,c
Cordia_alliodora,16.5,4,0,36.90621393,c
Cordia_alliodora,14.4,9,0,51.7182724,c
Cordia_alliodora,53,9,0,31.63938227,c
Cordia_alliodora,21.9,9,0,30.84209641,c
Cordia_alliodora,28.3,9,0,15.23110489,c
Cordia_alliodora,11.9,6,0,43.55321458,c
Cordia_alliodora,11.9,4,0,33.80790932,c
Cordia_alliodora,11.9,6,0,52.51125079,c
Cordia_alliodora,45,9,0,29.56212743,c
Cordia_alliodora,36.4,7,1,45.50855844,c
Cordia_alliodora,45,9,0,33.09060874,c
Cordia_alliodora,35.5,9,1,26.15903374,c
Cordia_alliodora,46.9,9,0,22.1701996,c
Cordia_alliodora,66.5,6,0,14.12183909,c
Cordia_alliodora,50,9,0,38.1075147,c
Cordia_alliodora,21.8,6,0,36.85504031,c
Cordia_alliodora,17.9,9,0,7.781953482,c
Cordia_alliodora,42.8,9,1,39.01497967,c
Cordia_bicolor,6,7,0,11.71385931,c
Cordia_bicolor,6,7,0,16.33745464,c
Cordia_bicolor,6,7,0,9.147929129,c
Cordia_bicolor,6,7,0,21.96542371,c
Cordia_dwyeri,5.7,7,0,32.29384616,n
Cordia_dwyeri,8.8,4,0,8.438854099,n
Cordia_dwyeri,24.7,4,0,41.48242743,n
Cordia_dwyeri,8.8,4,0,35.43585755,n
Cordia_dwyeri,24.7,4,0,33.70636883,n
Cordia_dwyeri,8.8,4,0,30.44530373,n
Cordia_dwyeri,24.7,8,0,41.48242743,n
Cordia_dwyeri,24.7,6,0,41.48242743,n
Cordia_dwyeri,5.7,7,0,48.08405429,n
Cordia_dwyeri,24.7,8,0,33.70636883,n
Cordia_dwyeri,24.7,4,0,20.52223329,n
Cordia_dwyeri,11.8,6,0,23.86201078,n
Cordia_dwyeri,5.7,7,0,26.96105562,n
Cordia_dwyeri,8.8,8,0,8.438854099,n
Cordia_dwyeri,24.7,6,0,20.52223329,n
Cordia_dwyeri,7,5,0,19.47705507,n
Cordia_dwyeri,11.8,6,0,21.27316955,n
Cordia_dwyeri,8.8,8,0,30.44530373,n
Cordia_dwyeri,5.7,7,0,29.53189973,n
Cordia_dwyeri,7,5,0,5.278822169,n
Cordia_dwyeri,24.7,8,0,20.52223329,n
Cordia_dwyeri,7,5,0,27.36263498,n
Cordia_dwyeri,7,5,0,18.44410702,n
Cordia_dwyeri,7,5,0,36.69294483,n
Cordia_dwyeri,5.7,7,0,18.64102883,n
Cordia_dwyeri,24.7,6,0,33.70636883,n
Cordia_dwyeri,8.8,8,0,35.43585755,n
Cordia_dwyeri,27.2,7,0,18.89734536,n
Cordia_eriostigma,8.3,7,0,9.031081177,n
Cordia_eriostigma,8.3,7,0,36.02564793,n
Coussarea_hondensis,2.7,7,0,21.15928734,n
Coussarea_hondensis,6.7,9,0,32.10579673,n
Coussarea_hondensis,9.6,9,0,44.94966018,n
Coussarea_hondensis,9.6,9,0,16.69915208,n
Coussarea_hondensis,2.7,7,0,22.31174583,n
Coussarea_hondensis,6.7,9,0,37.33431818,n
Coussarea_hondensis,6.7,9,0,14.38187929,n
Coussarea_hondensis,6.7,9,0,23.47717615,n
Coussarea_hondensis,6.7,9,0,52.20519901,n
Coussarea_hondensis,2.7,7,0,34.99938278,n
Coussarea_hondensis,9.6,9,0,27.13782,n
Coussarea_hondensis,2.7,7,0,19.12892051,n
Coussarea_sp,7.4,9,1,24.75359556,n
Croton_schiedeanus,5.8,9,0,31.50157527,n
Croton_schiedeanus,5.8,9,0,6.521955555,n
Croton_schiedeanus,5.8,9,0,34.70242064,n
Croton_schiedeanus,16,6,0,37.22693245,n
Croton_schiedeanus,16,6,0,19.01029068,n
Cryosophila_warscewiczii,9.8,1,0,30.0514318,n
Cryosophila_warscewiczii,9.8,1,0,27.86404314,n
Cryosophila_warscewiczii,9.8,1,0,32.93820274,n
Cryosophila_warscewiczii,9.8,1,0,26.37918401,n
Cryosophila_warscewiczii,9.8,1,0,28.99430461,n
Cupania_cinerea,12.7,6,0,33.35621545,n
Cymbopetalum_torulosum,1.1,9,0,32.40519092,n
Cymbopetalum_torulosum,1.1,9,0,26.79658907,n
Cymbopetalum_torulosum,2.8,9,0,30.67146068,n
Cymbopetalum_torulosum,2.8,9,0,38.63187932,n
Cymbopetalum_torulosum,2.8,9,0,37.34734572,n
Dendropanax_arboreus,48.7,6,1,31.99363306,n
Dendropanax_arboreus,35.3,1,0,11.41431119,n
Dendropanax_arboreus,35.4,1,1,46.95716919,n
Dendropanax_arboreus,35.3,1,0,37.60590058,n
Dendropanax_stenodontus,6.1,4,0,35.73290778,n
Dendropanax_stenodontus,6.1,4,0,27.84393003,n
Dendropanax_stenodontus,6.1,4,0,55.67665336,n
Dendropanax_stenodontus,6.1,4,0,32.68651794,n
Dendropanax_stenodontus,6.1,4,0,47.83744349,n
Dendropanax_stenodontus,6.1,8,0,38.02385041,n
Dendropanax_stenodontus,6.1,8,0,47.83744349,n
Dendropanax_stenodontus,6.1,8,0,27.84393003,n
Dendropanax_stenodontus,6.1,8,0,32.68651794,n
Dendropanax_stenodontus,6.1,4,0,38.02385041,n
Dendropanax_stenodontus,6.1,8,0,24.78984866,n
Dendropanax_stenodontus,6.1,8,0,17.5649936,n
Dendropanax_stenodontus,6.1,8,0,35.73290778,n
Dendropanax_stenodontus,6.1,4,0,17.5649936,n
Dendropanax_stenodontus,6.1,8,0,55.67665336,n
Dendropanax_stenodontus,6.1,4,0,24.78984866,n
Desmopsis_microcarpa,7,4,0,18.44410702,n
Desmopsis_microcarpa,7,4,0,36.69294483,n
Desmopsis_microcarpa,7,4,0,27.36263498,n
Desmopsis_microcarpa,2.5,5,0,22.68962811,n
Desmopsis_microcarpa,2.5,5,0,25.72913212,n
Desmopsis_microcarpa,7,4,0,5.278822169,n
Desmopsis_microcarpa,2.5,5,0,32.2627811,n
Desmopsis_microcarpa,7,4,0,19.47705507,n
Dichapetalum_stipulatum,3.1,8,0,34.31562326,n
Dichapetalum_stipulatum,3.1,6,0,25.08156892,n
Dichapetalum_stipulatum,3.1,8,0,37.54310416,n
Dichapetalum_stipulatum,3.1,6,0,34.31562326,n
Dichapetalum_stipulatum,3.1,4,0,37.54310416,n
Dichapetalum_stipulatum,3.1,4,0,34.31562326,n
Dichapetalum_stipulatum,3.1,8,0,25.08156892,n
Dichapetalum_stipulatum,3.1,4,0,25.08156892,n
Dichapetalum_stipulatum,3.1,6,0,37.54310416,n
Dinizia_excelsa,7.3,5,0,30.51389907,n
Dinizia_excelsa,7.3,5,0,22.31036572,n
Dipteryx_panamensis,4.2,4,0,31.27070935,n
Dipteryx_panamensis,4.2,4,0,14.3683736,n
Dipteryx_panamensis,4.2,4,0,32.51860083,n
Dipteryx_panamensis,4.2,4,0,46.64253721,n
Dipteryx_panamensis,4.2,4,0,8.048696016,n
Dipteryx_panamensis,4.2,4,0,10.21961632,n
Dipteryx_panamensis,4.2,4,0,14.14158306,n
Dipteryx_panamensis,4.2,4,0,32.32629818,n
Dipteryx_panamensis,4.2,4,0,16.4630274,n
Drypetes_variabilis,15.9,4,0,25.92959892,n
Drypetes_variabilis,15.9,8,1,26.40309507,n
Durio_zibethianus,7.6,9,0,20.71349574,n
Dussia_macroprophyllata,2.7,7,0,34.99938278,n
Dussia_macroprophyllata,2.7,7,0,21.15928734,n
Dussia_macroprophyllata,2.7,7,0,19.12892051,n
Dussia_macroprophyllata,5.2,7,0,20.51048471,n
Dussia_macroprophyllata,2.7,7,0,22.31174583,n
Dussia_macroprophyllata,5.2,7,0,28.0904217,n
Dussia_macroprophyllata,5.2,7,0,7.706454871,n
Dussia_macroprophyllata,54.5,5,0,13.49204833,n
Dussia_macroprophyllata,5.2,7,0,22.16036955,n
Dussia_tessmannii,13,9,0,22.33832255,n
Dussia_tessmannii,13,9,0,17.6514492,n
Dussia_tessmannii,13,9,0,47.72762408,n
Dussia_tessmannii,13,9,0,40.63196192,n
Erythrina_cochleata,9.9,4,0,47.17510424,n
Erythrina_cochleata,4.3,7,0,20.55862683,n
Erythrina_cochleata,55,4,1,16.63136795,n
Erythrina_cochleata,54,6,0,34.37773304,n
Erythrina_cochleata,18.8,9,0,40.66606099,n
Erythrina_cochleata,54,6,0,60.43985522,n
Erythrina_cochleata,54,6,0,14.16646368,n
Erythrina_cochleata,9.9,4,0,8.968037689,n
Erythrina_cochleata,54,6,0,4.473351857,n
Erythrina_cochleata,13.1,4,0,29.55056006,n
Erythrina_cochleata,4.3,7,0,24.39527554,n
Erythrina_cochleata,20.3,4,0,13.82237679,n
Erythrina_cochleata,13.1,4,0,13.49935181,n
Erythrina_cochleata,64,7,0,22.63893921,n
Erythroxylon_sp.,6.1,4,0,55.67665336,n
Erythroxylon_sp.,6.1,4,0,47.83744349,n
Erythroxylon_sp.,6.1,4,0,27.84393003,n
Erythroxylon_sp.,6.1,4,0,35.73290778,n
Erythroxylon_sp.,6.1,4,0,38.02385041,n
Erythroxylon_sp.,9.2,5,0,30.58964095,n
Erythroxylon_sp.,6.1,4,0,32.68651794,n
Erythroxylon_sp.,6.1,4,0,17.5649936,n
Erythroxylon_sp.,9.2,5,0,26.808106,n
Erythroxylon_sp.,6.1,4,0,24.78984866,n
Erythroxylon_sp.,9.2,5,0,10.88225161,n
Eschweilera_calyculata,7.8,1,1,39.0766887,n
Eschweilera_calyculata,7.8,1,1,12.67818966,n
Faramea_multiflora,8.5,9,0,44.68018402,n
Faramea_multiflora,8.5,9,0,7.782328251,n
Faramea_multiflora,8.5,9,0,22.49189026,n
Faramea_multiflora,8.5,9,0,9.190788867,n
Faramea_parvibractea,1.8,9,0,7.258437224,n
Faramea_parvibractea,1.8,9,0,21.60457551,n
Faramea_parvibractea,1.8,9,0,10.32116757,n
Faramea_parvibractea,1.8,9,0,12.90700451,n
Ficus_maxima,7.7,9,0,42.40632916,n
Ficus_maxima,7.7,9,0,23.81697924,n
Ficus_maxima,64.5,4,1,36.52626726,n
Ficus_maxima,7.7,9,0,25.86002108,n
Ficus_maxima,64.5,8,0,51.61248753,n
Ficus_maxima,64.5,8,0,16.90273863,n
Ficus_maxima,7.7,9,0,18.53780909,n
Ficus_tonduzii,11.5,9,0,38.17989174,n
Ficus_tonduzii,11.5,9,0,10.80253674,n
Ficus_tonduzii,11.5,9,0,38.43009888,n
Ficus_turrialbano,12.3,9,1,11.79110575,n
Genipa_americana,63.5,1,0,19.34669433,n
Geonoma_longevaginata,4.4,1,0,34.10115317,n
Geonoma_longevaginata,3.8,1,0,35.69999599,n
Geonoma_longevaginata,4.4,1,0,41.90883264,n
Geonoma_longevaginata,3.5,9,0,19.3738271,n
Geonoma_longevaginata,3.8,1,0,7.642103792,n
Geonoma_longevaginata,4.4,1,0,13.85235942,n
Goethalsia_meiantha,34.5,9,0,21.07448336,n
Goethalsia_meiantha,48.7,6,0,33.64098245,n
Goethalsia_meiantha,12.8,9,0,30.06968779,n
Goethalsia_meiantha,48.7,8,0,34.04451599,n
Goethalsia_meiantha,67.5,10,0,14.44008656,n
Goethalsia_meiantha,48.7,8,0,33.64098245,n
Goethalsia_meiantha,37,9,0,30.88534906,n
Goethalsia_meiantha,69.5,8,0,21.92244921,n
Goethalsia_meiantha,45,9,0,29.56212743,n
Goethalsia_meiantha,31,9,0,34.30128661,n
Goethalsia_meiantha,48.7,8,0,36.66684478,n
Goethalsia_meiantha,69.5,4,0,21.92244921,n
Goethalsia_meiantha,45,9,0,22.68576289,n
Goethalsia_meiantha,35,9,1,20.26593764,n
Goethalsia_meiantha,48.7,4,0,36.66684478,n
Goethalsia_meiantha,36,9,0,26.29076502,n
Goethalsia_meiantha,48.7,6,0,36.66684478,n
Goethalsia_meiantha,69.5,8,0,2.902447243,n
Goethalsia_meiantha,55,9,0,17.6690338,n
Goethalsia_meiantha,69.5,4,0,2.902447243,n
Goethalsia_meiantha,31.5,9,0,34.42953373,n
Goethalsia_meiantha,45,9,0,33.09060874,n
Goethalsia_meiantha,33,9,0,30.64775528,n
Goethalsia_meiantha,69.5,8,0,29.07032164,n
Goethalsia_meiantha,69.5,4,0,27.05133359,n
Goethalsia_meiantha,36,9,0,49.50756659,n
Goethalsia_meiantha,45,9,0,38.75773302,n
Goethalsia_meiantha,48.7,4,0,33.64098245,n
Goethalsia_meiantha,69.5,8,0,27.05133359,n
Goethalsia_meiantha,55,9,0,11.90366191,n
Goethalsia_meiantha,48.7,6,0,34.04451599,n
Goethalsia_meiantha,55,9,0,51.54532201,n
Goethalsia_meiantha,31.5,9,0,40.03153898,n
Goethalsia_meiantha,25.5,9,0,18.20565952,n
Goethalsia_meiantha,36,9,0,34.03838128,n
Goethalsia_meiantha,34.5,9,0,34.91535627,n
Goethalsia_meiantha,69.5,4,0,29.07032164,n
Goethalsia_meiantha,57,7,0,22.37253056,n
Goethalsia_meiantha,25.5,9,0,24.99755612,n
Goethalsia_meiantha,32.5,7,1,14.26359142,n
Goethalsia_meiantha,31,9,0,25.35297943,n
Goethalsia_meiantha,34.5,9,0,23.57196031,n
Goethalsia_meiantha,33.3,9,0,24.70417401,n
Goethalsia_meiantha,48.7,4,0,34.04451599,n
Guarea_bullata,7.7,5,0,18.53780909,n
Guarea_bullata,6.8,5,0,12.10419471,n
Guarea_bullata,6.8,5,0,11.46304494,n
Guarea_bullata,7.7,5,0,23.81697924,n
Guarea_bullata,7.7,5,0,42.40632916,n
Guarea_bullata,6,5,0,16.33745464,n
Guarea_bullata,34.7,1,0,15.35395592,n
Guarea_bullata,6,5,0,21.96542371,n
Guarea_bullata,6.8,5,0,28.70978393,n
Guarea_bullata,6,5,0,9.147929129,n
Guarea_bullata,6,5,0,11.71385931,n
Guarea_bullata,6.8,5,0,33.20890931,n
Guarea_bullata,7.7,5,0,25.86002108,n
Guarea_bullata,27,9,0,14.23202439,n
Guarea_bullata,34.7,1,0,23.7188642,n
Guarea_rhopalocarpa,24,9,0,13.34425121,n
Guarea_rhopalocarpa,10.1,5,0,12.68771059,n
Guarea_rhopalocarpa,24,9,0,37.24504799,n
Guarea_rhopalocarpa,2.7,10,0,34.99938278,n
Guarea_rhopalocarpa,21.3,8,0,36.47824694,n
Guarea_rhopalocarpa,7.5,5,0,25.85974671,n
Guarea_rhopalocarpa,8.4,5,0,13.83150607,n
Guarea_rhopalocarpa,7.5,5,0,42.76694635,n
Guarea_rhopalocarpa,21.3,8,0,16.19958701,n
Guarea_rhopalocarpa,23.5,5,0,3.728946127,n
Guarea_rhopalocarpa,21.3,4,0,16.19958701,n
Guarea_rhopalocarpa,7.5,5,0,26.61732785,n
Guarea_rhopalocarpa,10.1,5,0,24.77883031,n
Guarea_rhopalocarpa,2.7,10,0,21.15928734,n
Guarea_rhopalocarpa,2.7,10,0,19.12892051,n
Guarea_rhopalocarpa,10.1,5,0,8.578712725,n
Guarea_rhopalocarpa,14.5,4,0,49.52520974,n
Guarea_rhopalocarpa,23.5,5,0,11.75673757,n
Guarea_rhopalocarpa,21.3,4,0,36.47824694,n
Guarea_rhopalocarpa,10.1,5,0,7.23479265,n
Guarea_rhopalocarpa,7.5,5,0,39.08529775,n
Guarea_rhopalocarpa,23.5,5,0,12.93678941,n
Guarea_rhopalocarpa,2.7,10,0,22.31174583,n
Guarea_rhopalocarpa,7.5,5,0,30.64902495,n
Guarea_sp,17,10,0,20.56628552,n
Guarea_sp,17,10,0,16.92208616,n
Guarea_sp,17,10,0,44.50036404,n
Guarea_sp,17,10,0,40.14646311,n
Guarea_sp,17,10,0,59.68706811,n
Guatteria_aeruginosa,30.8,5,0,24.69597263,n
Guatteria_diospyriodes,14.2,5,0,17.62512411,n
Guatteria_diospyriodes,14.2,5,0,19.26167618,n
Guatteria_diospyriodes,14.2,5,0,20.82831434,n
Hamelia_patens,9.1,6,0,7.4623241,n
Hamelia_patens,9.1,6,0,32.95622189,n
Hamelia_patens,8.2,7,0,40.21546083,n
Hamelia_patens,9.1,6,0,38.27644648,n
Hamelia_patens,9.1,6,0,9.878652919,n
Hamelia_xerocarpa,1.5,4,0,59.93224341,n
Hampea_appendiculata,16.5,9,0,40.43855759,n
Hampea_appendiculata,16.5,9,0,7.729074977,n
Hampea_appendiculata,16.5,9,0,52.93771713,n
Hampea_appendiculata,16.5,9,0,20.23804066,n
Hampea_appendiculata,21.9,7,0,26.68147404,n
Hampea_appendiculata,18,4,0,30.91709236,n
Hampea_appendiculata,47.2,4,0,38.01303592,n
Hampea_appendiculata,47.5,4,0,32.46422983,n
Hampea_appendiculata,20.4,7,0,47.5436771,n
Hampea_appendiculata,47.5,4,0,16.6251406,n
Hampea_appendiculata,21.9,7,0,18.82545706,n
Hampea_appendiculata,21.9,7,0,30.84209641,n
Hampea_appendiculata,16.5,9,0,36.90621393,n
Hampea_appendiculata,47.5,4,0,32.9987424,n
Hampea_appendiculata,16.5,9,0,21.37854298,n
Hampea_appendiculata,21.9,7,0,45.35904178,n
Hernandia_didymantha,1.7,4,0,16.22148773,n
Hernandia_didymantha,9.2,9,0,10.88225161,n
Hernandia_didymantha,67,9,0,21.80606873,n
Hernandia_didymantha,1.7,8,0,53.95915863,n
Hernandia_didymantha,1.7,4,0,62.65041963,n
Hernandia_didymantha,1.7,4,0,23.58137181,n
Hernandia_didymantha,1.7,8,0,15.47106008,n
Hernandia_didymantha,1.7,8,0,62.65041963,n
Hernandia_didymantha,1.7,4,0,15.47106008,n
Hernandia_didymantha,1.7,8,0,16.22148773,n
Hernandia_didymantha,9.2,9,0,30.58964095,n
Hernandia_didymantha,9.2,9,0,26.808106,n
Hernandia_didymantha,62.9,4,0,22.66328308,n
Hernandia_didymantha,1.7,8,0,23.58137181,n
Hernandia_didymantha,1.7,4,0,53.95915863,n
Hernandia_stenura,39.2,4,0,0.30016662,n
Hernandia_stenura,36.5,5,0,28.63762106,n
Hernandia_stenura,49.8,6,0,32.40462143,n
Herrania_purpurea,5.2,1,0,7.706454871,c
Herrania_purpurea,5.2,1,0,22.16036955,c
Herrania_purpurea,5.2,1,0,28.0904217,c
Herrania_purpurea,5.2,1,0,20.51048471,c
Hura_crepitans,13.1,8,0,29.55056006,n
Hura_crepitans,13.1,8,0,13.49935181,n
Hyeronima_alchorneoides,4,4,0,11.80482622,c
Hyeronima_alchorneoides,79.5,5,0,28.24808471,c
Hyeronima_alchorneoides,79.5,5,0,9.506475122,c
Hyeronima_alchorneoides,4,4,0,17.57327373,c
Hyeronima_alchorneoides,4,4,0,24.1524181,c
Hyeronima_alchorneoides,125,4,0,55.99009198,c
Hyeronima_alchorneoides,125,6,1,32.50293716,c
Hyeronima_alchorneoides,4,4,0,17.99133473,c
Hyeronima_alchorneoides,76,5,1,2.640585985,c
Hyeronima_alchorneoides,10.8,6,0,31.73675495,c
Hymenolobium_mesoamericanum,27.6,4,0,30.8087731,n
Hymenolobium_mesoamericanum,27.6,4,0,41.74424152,n
Inga_acuminata,14.2,8,0,20.82831434,n
Inga_acuminata,14.2,8,0,19.26167618,n
Inga_acuminata,14.2,8,0,17.62512411,n
Inga_alba,4.2,5,0,14.3683736,n
Inga_alba,13.3,4,0,51.88135021,n
Inga_alba,4.2,5,0,31.27070935,n
Inga_alba,25.2,4,0,33.13254141,n
Inga_alba,4.2,5,0,16.4630274,n
Inga_alba,4.2,5,0,8.048696016,n
Inga_alba,54.8,4,0,38.40352718,n
Inga_alba,25.2,4,0,24.93526176,n
Inga_alba,4.2,5,0,46.64253721,n
Inga_alba,7.3,5,1,17.52522285,n
Inga_alba,54.8,8,0,38.40352718,n
Inga_alba,25.2,8,0,33.13254141,n
Inga_alba,13.3,4,0,46.33003678,n
Inga_alba,25.2,8,0,24.93526176,n
Inga_alba,13.3,8,0,37.59964414,n
Inga_alba,4.2,5,0,10.21961632,n
Inga_alba,13.3,8,0,51.88135021,n
Inga_alba,13.3,8,0,47.4664945,n
Inga_alba,13.3,4,0,7.588732388,n
Inga_alba,13.3,8,0,7.588732388,n
Inga_alba,54.8,8,0,29.62466944,n
Inga_alba,54.8,4,0,29.62466944,n
Inga_alba,13.3,8,0,14.98814296,n
Inga_alba,13.3,8,0,46.33003678,n
Inga_alba,13.3,4,0,14.98814296,n
Inga_alba,4.2,5,0,32.32629818,n
Inga_alba,4.2,5,0,14.14158306,n
Inga_alba,4.2,5,0,32.51860083,n
Inga_alba,13.3,4,0,47.4664945,n
Inga_alba,13.3,4,0,37.59964414,n
Inga_cocleensis,4.2,5,0,14.14158306,n
Inga_cocleensis,4.2,5,0,32.32629818,n
Inga_cocleensis,4.2,5,0,10.21961632,n
Inga_cocleensis,4.2,5,0,8.048696016,n
Inga_cocleensis,4.2,5,0,14.3683736,n
Inga_cocleensis,4.2,5,0,46.64253721,n
Inga_cocleensis,4.2,5,0,32.51860083,n
Inga_cocleensis,4.2,5,0,31.27070935,n
Inga_cocleensis,4.2,5,0,16.4630274,n
Inga_leiocalycina,31.2,4,0,49.58526495,n
Inga_leiocalycina,5.5,5,0,40.13896301,n
Inga_leiocalycina,31.2,8,0,49.58526495,n
Inga_leiocalycina,6.9,9,0,34.54719592,n
Inga_leiocalycina,6.9,9,0,28.59065823,n
Inga_leiocalycina,5.5,5,0,26.5615902,n
Inga_leiocalycina,6.8,9,0,12.10419471,n
Inga_leiocalycina,6.8,9,0,33.20890931,n
Inga_leiocalycina,31.2,8,0,19.01299396,n
Inga_leiocalycina,6.8,9,0,11.46304494,n
Inga_leiocalycina,6.8,9,0,28.70978393,n
Inga_leiocalycina,31.2,4,0,19.01299396,n
Inga_leiocalycina,5.5,5,0,18.04954873,n
Inga_leiocalycina,6.9,9,0,27.25564361,n
Inga_leiocalycina,5.5,5,0,32.3466422,n
Inga_leiocalycina,5.5,5,0,10.49374149,n
Inga_paterno,49.2,8,0,22.57427627,n
Inga_paterno,1.8,10,0,10.32116757,n
Inga_paterno,34.5,7,0,21.07448336,n
Inga_paterno,34.5,7,0,34.91535627,n
Inga_paterno,49.1,9,1,24.22904714,n
Inga_paterno,1.8,10,0,21.60457551,n
Inga_paterno,36,8,0,49.50756659,n
Inga_paterno,36,8,0,34.03838128,n
Inga_paterno,24.5,10,0,1.918593235,n
Inga_paterno,34.5,7,0,23.57196031,n
Inga_paterno,49.2,8,0,38.71840002,n
Inga_paterno,24.5,8,0,1.918593235,n
Inga_paterno,49.2,4,0,22.57427627,n
Inga_paterno,36,8,0,26.29076502,n
Inga_paterno,24.5,8,0,27.48547233,n
Inga_paterno,49.2,4,0,38.71840002,n
Inga_paterno,36,4,0,26.29076502,n
Inga_paterno,1.8,10,0,7.258437224,n
Inga_paterno,24.5,10,0,21.94416048,n
Inga_paterno,24.5,8,0,21.94416048,n
Inga_paterno,24.5,10,0,27.48547233,n
Inga_paterno,42.5,7,1,37.08630545,n
Inga_paterno,36,4,0,34.03838128,n
Inga_paterno,36,4,0,49.50756659,n
Inga_paterno,1.8,10,0,12.90700451,n
Inga_pavoniana,11.5,4,0,38.17989174,n
Inga_pavoniana,6.5,9,0,25.48283272,n
Inga_pavoniana,11.5,4,0,10.80253674,n
Inga_pavoniana,6.5,9,0,24.56053837,n
Inga_pavoniana,4.5,5,0,35.46981993,n
Inga_pavoniana,4.2,5,0,32.51860083,n
Inga_pavoniana,4.5,5,0,28.86878581,n
Inga_pavoniana,6.5,9,0,37.51389546,n
Inga_pavoniana,4.2,5,0,14.3683736,n
Inga_pavoniana,4.5,5,0,10.28152468,n
Inga_pavoniana,4.2,5,0,8.048696016,n
Inga_pavoniana,4.5,5,0,50.16097344,n
Inga_pavoniana,11.5,4,0,38.43009888,n
Inga_pavoniana,3.8,5,0,7.642103792,n
Inga_pavoniana,3.8,5,0,35.69999599,n
Inga_pavoniana,4.2,5,0,46.64253721,n
Inga_pavoniana,4.2,5,0,31.27070935,n
Inga_pavoniana,4.2,5,0,14.14158306,n
Inga_pavoniana,4.2,5,0,10.21961632,n
Inga_pavoniana,6.5,9,0,39.72867892,n
Inga_pavoniana,4.2,5,0,16.4630274,n
Inga_pavoniana,4.5,5,0,31.48629019,n
Inga_pavoniana,4.2,5,0,32.32629818,n
Inga_ruiziana,8.5,10,0,7.782328251,n
Inga_ruiziana,8,4,0,31.6650754,n
Inga_ruiziana,7.5,4,0,30.64902495,n
Inga_ruiziana,7.5,4,0,25.85974671,n
Inga_ruiziana,8.5,10,0,44.68018402,n
Inga_ruiziana,7.5,4,0,42.76694635,n
Inga_ruiziana,1.4,5,0,11.79313312,n
Inga_ruiziana,7.5,4,0,26.61732785,n
Inga_ruiziana,8.5,10,0,22.49189026,n
Inga_ruiziana,57.8,4,0,30.84744398,n
Inga_ruiziana,8,4,0,32.62204484,n
Inga_ruiziana,8,4,0,40.01119968,n
Inga_ruiziana,8.5,10,0,9.190788867,n
Inga_ruiziana,7.5,4,0,39.08529775,n
Inga_ruiziana,8,4,0,45.82407398,n
Inga_ruiziana,8,4,0,46.67602393,n
Inga_sertulifera,7.8,10,0,9.702958312,n
Inga_sertulifera,7.8,10,0,44.84434619,n
Inga_sp,3.7,5,0,19.79500279,n
Inga_sp,3.7,5,0,29.5035146,n
Inga_sp,3.7,5,0,22.47363344,n
Inga_sp,3.7,5,0,28.64565009,n
Inga_sp.,1.9,5,0,20.99767235,n
Inga_sp.,1.9,5,0,7.205597656,n
Inga_sp.,1.9,5,0,29.95592929,n
Inga_thibaudiana,16.8,8,0,10.9,n
Inga_thibaudiana,16.8,8,0,43.4612207,n
Inga_thibaudiana,16.8,8,0,38.85607802,n
Inga_thibaudiana,2.1,5,1,14.89936864,n
Inga_tonduzii,1.7,5,0,62.65041963,n
Inga_tonduzii,1.7,5,0,16.22148773,n
Inga_tonduzii,1.7,5,0,53.95915863,n
Inga_tonduzii,1.6,5,0,42.0839081,n
Inga_tonduzii,1.7,10,0,62.65041963,n
Inga_tonduzii,1.7,10,0,23.58137181,n
Inga_tonduzii,1.7,5,0,15.47106008,n
Inga_tonduzii,1.6,5,0,20.50153827,n
Inga_tonduzii,1.7,10,0,53.95915863,n
Inga_tonduzii,1.6,5,0,12.98913547,n
Inga_tonduzii,1.7,5,0,23.58137181,n
Inga_tonduzii,38.9,5,0,17.85078678,n
Inga_tonduzii,1.6,5,0,28.30683663,n
Inga_tonduzii,1.6,5,0,18.2131447,n
Inga_tonduzii,1.6,5,0,11.55301162,n
Inga_tonduzii,1.7,10,0,16.22148773,n
Inga_tonduzii,1.7,10,0,15.47106008,n
Iriartea_deltoidea,17.4,9,1,54.99119823,n
Iriartea_deltoidea,23.3,9,0,38.08551848,n
Ixora_nicaraguensis,2.3,9,0,13.62742199,n
Ixora_nicaraguensis,1.6,9,0,28.30683663,n
Ixora_nicaraguensis,2.3,9,0,41.87514874,n
Ixora_nicaraguensis,1.6,9,0,42.0839081,n
Ixora_nicaraguensis,2.3,9,0,10.77935195,n
Ixora_nicaraguensis,1.6,9,0,12.98913547,n
Ixora_nicaraguensis,2.3,9,0,29.90975761,n
Ixora_nicaraguensis,1.6,9,0,20.50153827,n
Ixora_nicaraguensis,1.6,9,0,11.55301162,n
Ixora_nicaraguensis,1.6,9,0,18.2131447,n
Ixora_nicaraguensis,2.3,9,0,26.81471348,n
Jacaranda_copaia,7.7,4,0,42.40632916,c
Jacaranda_copaia,7.7,4,0,25.86002108,c
Jacaranda_copaia,24.3,8,1,7.058366613,c
Jacaranda_copaia,24.3,4,0,47.05601874,c
Jacaranda_copaia,7.7,4,0,23.81697924,c
Jacaranda_copaia,7.7,4,0,18.53780909,c
Jacaratia_dolichaula,11.2,9,0,61.45535371,n
Jacaratia_dolichaula,23.8,4,0,21.09011617,n
Jacaratia_dolichaula,5.2,9,0,28.0904217,n
Jacaratia_dolichaula,5.2,9,0,7.706454871,n
Jacaratia_dolichaula,5.2,9,0,22.16036955,n
Jacaratia_dolichaula,11.2,9,0,25.54295206,n
Jacaratia_dolichaula,11.2,9,0,25.61807642,n
Jacaratia_dolichaula,9.6,9,0,44.94966018,n
Jacaratia_dolichaula,11.2,9,0,24.48561799,n
Jacaratia_dolichaula,6.5,6,0,25.48283272,n
Jacaratia_dolichaula,6.5,6,0,37.51389546,n
Jacaratia_dolichaula,6.5,6,0,24.56053837,n
Jacaratia_dolichaula,9.6,9,0,27.13782,n
Jacaratia_dolichaula,5.2,9,0,20.51048471,n
Jacaratia_dolichaula,6.5,6,0,39.72867892,n
Jacaratia_dolichaula,9.6,9,0,16.69915208,n
Lacistema_aggregatum,8.8,1,0,8.438854099,n
Lacistema_aggregatum,18.4,4,0,42.3127274,n
Lacistema_aggregatum,8.8,1,0,30.44530373,n
Lacistema_aggregatum,5.5,9,0,26.5615902,n
Lacistema_aggregatum,5.5,9,0,40.13896301,n
Lacistema_aggregatum,8.8,1,0,35.43585755,n
Lacistema_aggregatum,5.5,9,0,32.3466422,n
Lacistema_aggregatum,5.5,9,0,18.04954873,n
Lacistema_aggregatum,5.5,9,0,10.49374149,n
Lacmellea_panamensis,47.5,1,1,40.2432501,n
Lacunaria_panamensis,5.8,9,0,34.70242064,n
Lacunaria_panamensis,5.8,9,0,6.521955555,n
Lacunaria_panamensis,5.8,9,0,31.50157527,n
Laetia_procera,4.7,5,0,35.78572427,n
Lecythis_ampla,7,1,0,27.36263498,n
Lecythis_ampla,6.7,5,0,32.10579673,n
Lecythis_ampla,6.7,7,0,23.47717615,n
Lecythis_ampla,6.7,7,0,52.20519901,n
Lecythis_ampla,7,1,0,5.278822169,n
Lecythis_ampla,6.7,5,0,14.38187929,n
Lecythis_ampla,6.7,5,0,52.20519901,n
Lecythis_ampla,6.7,7,0,14.38187929,n
Lecythis_ampla,6.7,5,0,23.47717615,n
Lecythis_ampla,7,1,0,18.44410702,n
Lecythis_ampla,7,1,0,19.47705507,n
Lecythis_ampla,6.7,5,0,37.33431818,n
Lecythis_ampla,7,1,0,36.69294483,n
Lecythis_ampla,6.7,7,0,37.33431818,n
Lecythis_ampla,6.7,7,0,32.10579673,n
Lonchocarpus_oliganthus,13.5,4,0,29.17179613,n
Lonchocarpus_oliganthus,18.5,8,0,48.13778765,n
Lonchocarpus_oliganthus,6.2,1,0,43.47608538,n
Lonchocarpus_oliganthus,17.8,4,0,43.13952248,n
Lonchocarpus_oliganthus,17.8,4,0,30.4630936,n
Lonchocarpus_oliganthus,21.4,6,1,39.03455783,n
Lonchocarpus_oliganthus,18.5,4,0,48.13778765,n
Lonchocarpus_oliganthus,6.2,1,0,12.79854495,n
Lonchocarpus_oliganthus,32,4,0,49.05762428,n
Lonchocarpus_oliganthus,6.2,1,0,12.02018549,n
Lonchocarpus_oliganthus,26.9,1,0,13.14623696,n
Lonchocarpus_oliganthus,17.8,4,0,21.17048592,n
Lonchocarpus_oliganthus,13.5,4,0,64.39059636,n
Lonchocarpus_oliganthus,9.5,8,0,47.88534295,n
Lonchocarpus_oliganthus,25.5,10,1,22.53127826,n
Lonchocarpus_oliganthus,18.5,4,0,29.39589087,n
Lonchocarpus_oliganthus,6.2,1,0,14.5983047,n
Lonchocarpus_oliganthus,13.5,4,0,46.27968237,n
Lonchocarpus_oliganthus,6.2,1,0,23.88246265,n
Lonchocarpus_oliganthus,32,4,0,44.89912633,n
Lonchocarpus_oliganthus,6.2,1,0,29.62966285,n
Lonchocarpus_oliganthus,9.5,8,0,26.83148773,n
Lonchocarpus_oliganthus,11.2,4,0,24.48561799,n
Lonchocarpus_oliganthus,18.5,4,0,48.76576678,n
Lonchocarpus_oliganthus,13.5,4,0,16.44241466,n
Lonchocarpus_oliganthus,18.5,4,0,45.48248234,n
Lonchocarpus_oliganthus,23.8,5,1,14.21576904,n
Lonchocarpus_oliganthus,18.5,8,0,45.48248234,n
Lonchocarpus_oliganthus,18.5,8,0,48.76576678,n
Lonchocarpus_oliganthus,6.2,1,0,14.09592078,n
Lonchocarpus_oliganthus,18.5,8,0,29.39589087,n
Lonchocarpus_oliganthus,35.5,4,0,23.92679669,n
Lonchocarpus_oliganthus,11.2,4,0,25.61807642,n
Lonchocarpus_oliganthus,11.2,4,0,61.45535371,n
Lonchocarpus_oliganthus,11.2,4,0,25.54295206,n
Lozania_pittieri,6.8,5,0,11.46304494,n
Lozania_pittieri,6.8,5,0,12.10419471,n
Lozania_pittieri,6.8,5,0,28.70978393,n
Lozania_pittieri,6.8,5,0,33.20890931,n
Luehea_seemannii,54,9,0,4.473351857,c
Luehea_seemannii,14.8,9,0,4.866606498,c
Luehea_seemannii,54,9,0,14.16646368,c
Luehea_seemannii,63,4,0,29.35006133,c
Luehea_seemannii,63,4,0,23.61314063,c
Luehea_seemannii,14.8,9,0,16.04060609,c
Luehea_seemannii,14.8,9,0,14.81303253,c
Luehea_seemannii,54,9,0,34.37773304,c
Luehea_seemannii,14.8,9,0,30.06721518,c
Luehea_seemannii,54,9,0,60.43985522,c
Luehea_seemannii,25.3,9,0,38.50263162,c
Mabea_occidentalis,6.2,8,0,14.09592078,n
Mabea_occidentalis,5.3,4,0,39.29506011,n
Mabea_occidentalis,5.3,8,0,39.29506011,n
Mabea_occidentalis,6.2,8,0,14.5983047,n
Mabea_occidentalis,5.3,4,0,11.17731941,n
Mabea_occidentalis,5.3,8,0,32.53951751,n
Mabea_occidentalis,6.2,4,0,14.5983047,n
Mabea_occidentalis,6.2,4,0,43.47608538,n
Mabea_occidentalis,6.2,8,0,23.88246265,n
Mabea_occidentalis,6.2,8,0,12.02018549,n
Mabea_occidentalis,5.3,4,0,58.84815205,n
Mabea_occidentalis,5.3,8,0,58.84815205,n
Mabea_occidentalis,6.2,4,0,12.79854495,n
Mabea_occidentalis,6.2,4,0,23.88246265,n
Mabea_occidentalis,6.2,8,0,29.62966285,n
Mabea_occidentalis,6.2,8,0,12.79854495,n
Mabea_occidentalis,5.3,8,0,11.17731941,n
Mabea_occidentalis,5.3,4,0,32.53951751,n
Mabea_occidentalis,6.2,4,0,12.02018549,n
Mabea_occidentalis,6.2,4,0,14.09592078,n
Mabea_occidentalis,6.2,8,0,43.47608538,n
Mabea_occidentalis,6.2,4,0,29.62966285,n
Macrolobium_costaricense,13.8,8,0,35.44139471,n
Macrolobium_costaricense,3.7,4,0,28.64565009,n
Macrolobium_costaricense,3.7,4,0,29.5035146,n
Macrolobium_costaricense,3.7,4,0,19.79500279,n
Macrolobium_costaricense,13.8,4,0,35.6933061,n
Macrolobium_costaricense,3.7,8,0,29.5035146,n
Macrolobium_costaricense,3.7,8,0,22.47363344,n
Macrolobium_costaricense,13.8,8,0,34.49119156,n
Macrolobium_costaricense,3.7,4,0,22.47363344,n
Macrolobium_costaricense,10.9,8,1,10.17857845,n
Macrolobium_costaricense,4.8,4,0,12.00026092,n
Macrolobium_costaricense,13.8,4,0,35.44139471,n
Macrolobium_costaricense,4.8,4,0,16.02286179,n
Macrolobium_costaricense,13.8,4,0,34.49119156,n
Macrolobium_costaricense,13.8,8,0,35.6933061,n
Macrolobium_costaricense,3.7,8,0,28.64565009,n
Macrolobium_costaricense,3.7,8,0,19.79500279,n
Maranthes_panamensis,7.5,4,0,26.61732785,n
Maranthes_panamensis,7.5,4,0,30.64902495,n
Maranthes_panamensis,7.5,4,0,39.08529775,n
Maranthes_panamensis,7.5,4,0,25.85974671,n
Maranthes_panamensis,7.5,4,0,42.76694635,n
Meliosma_donnell-smithii,11.2,8,0,25.61807642,n
Meliosma_donnell-smithii,1.6,9,0,11.55301162,n
Meliosma_donnell-smithii,11.2,8,0,61.45535371,n
Meliosma_donnell-smithii,5.5,9,0,40.13896301,n
Meliosma_donnell-smithii,11.2,4,0,25.61807642,n
Meliosma_donnell-smithii,11.2,8,0,24.48561799,n
Meliosma_donnell-smithii,11.2,4,0,61.45535371,n
Meliosma_donnell-smithii,11.2,4,0,25.54295206,n
Meliosma_donnell-smithii,1.6,9,0,20.50153827,n
Meliosma_donnell-smithii,11.2,4,0,24.48561799,n
Meliosma_donnell-smithii,5.5,9,0,10.49374149,n
Meliosma_donnell-smithii,7.3,9,0,30.51389907,n
Meliosma_donnell-smithii,1.6,9,0,12.98913547,n
Meliosma_donnell-smithii,1.6,9,0,42.0839081,n
Meliosma_donnell-smithii,5.5,9,0,32.3466422,n
Meliosma_donnell-smithii,19.4,7,0,19.79776357,n
Meliosma_donnell-smithii,1.6,9,0,18.2131447,n
Meliosma_donnell-smithii,1.6,9,0,28.30683663,n
Meliosma_donnell-smithii,11.2,8,0,25.54295206,n
Meliosma_donnell-smithii,19,9,0,37.4555756,n
Meliosma_donnell-smithii,5.5,9,0,26.5615902,n
Meliosma_donnell-smithii,6.3,5,0,11.5595327,n
Meliosma_donnell-smithii,5.5,9,0,18.04954873,n
Meliosma_donnell-smithii,7.3,9,0,22.31036572,n
Miconia_affinis,9.9,7,0,47.17510424,c
Miconia_affinis,9.9,7,0,8.968037689,c
Miconia_appendiculata,6.5,9,0,37.51389546,n
Miconia_appendiculata,6.5,9,0,25.48283272,n
Miconia_appendiculata,6.5,9,0,24.56053837,n
Miconia_appendiculata,6.5,9,0,39.72867892,n
Miconia_dorsiloba,2.4,9,0,31.69789803,n
Miconia_dorsiloba,2.4,9,0,16.11628059,n
Miconia_multispicata,5.1,9,0,20.21505627,n
Miconia_multispicata,5.1,9,0,31.86848018,n
Miconia_multispicata,45.1,7,0,48.9307815,n
Miconia_multispicata,5.1,9,0,7.977534724,n
Miconia_multispicata,5.1,9,0,21.32052697,n
Miconia_sp,4.2,9,0,8.048696016,n
Miconia_sp,4.2,9,0,32.51860083,n
Miconia_sp,4.2,9,0,46.64253721,n
Miconia_sp,4.2,9,0,32.32629818,n
Miconia_sp,4.2,9,0,31.27070935,n
Miconia_sp,4.2,9,0,14.14158306,n
Miconia_sp,4.2,9,0,10.21961632,n
Miconia_sp,4.2,9,0,14.3683736,n
Miconia_sp,4.2,9,0,16.4630274,n
Minquartia_guianensis,2.7,8,1,15.22308343,n
Minquartia_guianensis,2.7,8,1,73.8324604,n
Minquartia_guianensis,7,8,1,67.73184206,n
Mortoniodendron_guatemalense,15.8,9,0,35.39494429,n
Naucleopsis_naga,17.9,10,0,17.79468854,n
Naucleopsis_naga,21.9,5,0,30.84209641,n
Naucleopsis_naga,21.9,5,0,18.82545706,n
Naucleopsis_naga,17.9,8,0,7.781953482,n
Naucleopsis_naga,24.2,5,0,22.7737994,n
Naucleopsis_naga,17.9,10,0,32.05873858,n
Naucleopsis_naga,17.9,8,0,17.79468854,n
Naucleopsis_naga,17.9,10,0,7.781953482,n
Naucleopsis_naga,28,9,0,46.12209688,n
Naucleopsis_naga,21.9,5,0,26.68147404,n
Naucleopsis_naga,21.9,5,0,45.35904178,n
Naucleopsis_naga,17.9,8,0,32.05873858,n
Naucleopsis_naga,10.5,6,0,28.95472723,n
Naucleopsis_naga,10.5,6,0,16.94027745,n
Neea_amplifolia,5.5,8,0,10.49374149,n
Neea_amplifolia,5.5,8,0,18.04954873,n
Neea_amplifolia,10.7,7,0,45.62260661,n
Neea_amplifolia,8.7,9,0,16.12193586,n
Neea_amplifolia,12,6,0,49.592274,n
Neea_amplifolia,5.5,8,0,40.13896301,n
Neea_amplifolia,10.7,7,0,11.04042631,n
Neea_amplifolia,5.5,8,0,26.5615902,n
Neea_amplifolia,5.5,8,0,32.3466422,n
Neea_amplifolia,12,6,0,24.64786384,n
Neea_amplifolia,12,6,0,11.46994769,n
Neea_psychotriodes,7.4,5,0,26.23673214,n
Neea_psychotriodes,7.4,5,0,19.85321717,n
Neea_psychotriodes,7.9,6,0,27.08082023,n
Neea_psychotriodes,7.4,5,0,13.14389592,n
Neea_psychotriodes,7.9,6,0,35.76550746,n
Neea_sp.,4.5,5,0,31.48629019,n
Neea_sp.,4.5,5,0,28.86878581,n
Neea_sp.,4.5,5,0,35.46981993,n
Neea_sp.,4.5,5,0,50.16097344,n
Neea_sp.,4.5,5,0,10.28152468,n
Ocotea_atirrensis,1.2,9,0,5.110994411,n
Ocotea_atirrensis,1.2,9,0,34.32560738,n
Ocotea_cernua,50.4,4,0,46.96647741,n
Ocotea_cernua,50.4,8,1,33.66441295,n
Ocotea_cernua,9.4,4,0,21.99460381,n
Ocotea_cernua,9.4,4,0,18.3359892,n
Ocotea_cernua,50.4,8,1,6.176268749,n
Ocotea_dendrodaphne,1.9,9,0,20.99767235,n
Ocotea_dendrodaphne,1.9,9,0,7.205597656,n
Ocotea_dendrodaphne,1.9,9,0,29.95592929,n
Ocotea_hartshorniana,25,7,0,27.59932246,n
Ocotea_hartshorniana,27.7,7,1,28.59094747,n
Ocotea_hartshorniana,25,7,0,23.09181351,n
Ocotea_hartshorniana,12.5,9,0,26.74798684,n
Ocotea_hartshorniana,25,7,0,22.89576064,n
Ocotea_hartshorniana,16.2,5,0,25.81141315,n
Ocotea_hartshorniana,25,7,0,30.03531784,n
Ocotea_hartshorniana,16.2,5,0,16.10693869,n
Ocotea_hartshorniana,27.7,5,1,28.59094747,n
Ocotea_hartshorniana,26.6,5,0,21.92546699,n
Ocotea_hartshorniana,26.6,5,0,15.04941606,n
Ocotea_hartshorniana,77,7,0,2.271687094,n
Ocotea_hartshorniana,12.5,9,0,49.2629926,n
Ocotea_hartshorniana,5.7,9,0,29.53189973,n
Ocotea_hartshorniana,5.7,9,0,18.64102883,n
Ocotea_hartshorniana,27.7,5,1,29.09981648,n
Ocotea_hartshorniana,25,7,0,50.38903055,n
Ocotea_hartshorniana,5.7,9,0,26.96105562,n
Ocotea_hartshorniana,5.7,9,0,48.08405429,n
Ocotea_hartshorniana,2.5,9,0,32.2627811,n
Ocotea_hartshorniana,25,5,1,32.41012441,n
Ocotea_hartshorniana,25,5,1,2.903566643,n
Ocotea_hartshorniana,35,9,0,47.98565135,n
Ocotea_hartshorniana,27.7,7,1,29.09981648,n
Ocotea_hartshorniana,2.5,9,0,22.68962811,n
Ocotea_hartshorniana,2.5,9,0,25.72913212,n
Ocotea_hartshorniana,77,7,0,27.96058505,n
Ocotea_hartshorniana,5.7,9,0,32.29384616,n
Ocotea_meziana,24.1,4,0,11.59311754,n
Ocotea_meziana,24.1,4,0,31.95776119,n
Ocotea_mollifolia,17,4,0,20.56628552,n
Ocotea_mollifolia,17,4,0,16.92208616,n
Ocotea_mollifolia,17,4,0,59.68706811,n
Ocotea_mollifolia,17,4,0,44.50036404,n
Ocotea_mollifolia,17,4,0,40.14646311,n
Ormosia_tenuivalvis,15.5,4,0,19.09289616,n
Ormosia_tenuivalvis,15.5,4,0,18.21085966,n
Ormosia_tenuivalvis,15.5,4,0,22.93147359,n
Ormosia_tenuivalvis,15.5,4,0,40.79278858,n
Ormosia_velutina,12.5,4,0,26.74798684,n
Ormosia_velutina,12.5,4,0,49.2629926,n
Otoba_novogranatensis,3.7,9,0,29.5035146,n
Otoba_novogranatensis,1.6,1,0,18.2131447,n
Otoba_novogranatensis,4.5,9,0,28.86878581,n
Otoba_novogranatensis,1.6,1,0,11.55301162,n
Otoba_novogranatensis,3.7,9,0,19.79500279,n
Otoba_novogranatensis,1.6,1,0,42.0839081,n
Otoba_novogranatensis,4.5,9,0,35.46981993,n
Otoba_novogranatensis,3.7,9,0,22.47363344,n
Otoba_novogranatensis,4.5,9,0,50.16097344,n
Otoba_novogranatensis,1.6,1,0,28.30683663,n
Otoba_novogranatensis,1.6,1,0,20.50153827,n
Otoba_novogranatensis,4.5,9,0,10.28152468,n
Otoba_novogranatensis,4.5,9,0,31.48629019,n
Otoba_novogranatensis,3.7,9,0,28.64565009,n
Otoba_novogranatensis,5,9,0,15.70673741,n
Otoba_novogranatensis,5,9,0,21.25805855,n
Otoba_novogranatensis,1.6,1,0,12.98913547,n
Pachira_aquatica,17.2,4,1,38.65751803,n
Pachira_aquatica,24.7,4,1,7.659586406,n
Pachira_aquatica,24.7,4,1,44.40438041,n
Parathesis_chrysophylla,19.5,5,0,26.67441613,n
Paullinia_pinnata,5.4,4,0,16.37583586,n
Pentaclethra_macroloba,20.1,4,0,20.01796443,n
Pentaclethra_macroloba,96.6,5,0,31.10400902,n
Pentaclethra_macroloba,18.5,8,1,22.08890534,n
Pentaclethra_macroloba,82.5,7,0,33.76383672,n
Pentaclethra_macroloba,64.5,7,0,16.90273863,n
Pentaclethra_macroloba,82.5,7,0,30.59389353,n
Pentaclethra_macroloba,18.5,4,0,45.48248234,n
Pentaclethra_macroloba,18.5,8,1,5.915864201,n
Pentaclethra_macroloba,82.5,5,0,30.59389353,n
Pentaclethra_macroloba,23.7,7,0,27.12676184,n
Pentaclethra_macroloba,103,4,1,15.63090848,n
Pentaclethra_macroloba,57,8,1,16.33447671,n
Pentaclethra_macroloba,69.9,4,0,61.8528908,n
Pentaclethra_macroloba,64.5,7,0,51.61248753,n
Pentaclethra_macroloba,23.7,7,0,31.02071836,n
Pentaclethra_macroloba,61,5,1,24.87466364,n
Pentaclethra_macroloba,18.5,4,0,29.39589087,n
Pentaclethra_macroloba,46.5,7,0,33.14222801,n
Pentaclethra_macroloba,69,7,0,25.99819189,n
Pentaclethra_macroloba,46.5,7,0,11.30630965,n
Pentaclethra_macroloba,26.6,7,0,15.04941606,n
Pentaclethra_macroloba,70,4,0,22.76589774,n
Pentaclethra_macroloba,26.6,7,0,21.92546699,n
Pentaclethra_macroloba,82,9,0,44.26554299,n
Pentaclethra_macroloba,82.5,5,0,33.76383672,n
Pentaclethra_macroloba,61.5,4,0,19.38287904,n
Pentaclethra_macroloba,31.9,7,0,28.58669835,n
Pentaclethra_macroloba,18.5,4,0,48.13778765,n
Pentaclethra_macroloba,18.5,4,0,48.76576678,n
Pentaclethra_macroloba,80.3,4,0,37.26092323,n
Pentaclethra_macroloba,21.9,7,0,30.84209641,n
Pentaclethra_macroloba,21.9,7,0,18.82545706,n
Pentaclethra_macroloba,73,9,0,4.853784756,n
Pentaclethra_macroloba,80.3,8,1,19.17911466,n
Pentaclethra_macroloba,80.3,8,1,37.87398867,n
Pentaclethra_macroloba,80.3,6,1,37.87398867,n
Pentaclethra_macroloba,80.3,6,1,19.17911466,n
Pentaclethra_macroloba,25.5,5,0,18.20565952,n
Pentaclethra_macroloba,21.9,7,0,26.68147404,n
Pentaclethra_macroloba,61.5,4,0,37.16535994,n
Pentaclethra_macroloba,74.7,5,0,27.58972215,n
Pentaclethra_macroloba,57.8,7,1,31.78324643,n
Pentaclethra_macroloba,55,9,0,51.54532201,n
Pentaclethra_macroloba,55,9,0,11.90366191,n
Pentaclethra_macroloba,61.5,4,0,32.15042924,n
Pentaclethra_macroloba,21.9,7,0,45.35904178,n
Pentaclethra_macroloba,81.5,4,0,1.743932338,n
Pentaclethra_macroloba,25.5,5,0,24.99755612,n
Pentaclethra_macroloba,55,9,0,17.6690338,n
Pentagonia_donnell-smithii,5.5,6,0,10.49374149,n
Pentagonia_donnell-smithii,9.3,8,0,30.94380797,n
Pentagonia_donnell-smithii,4.2,7,0,32.51860083,n
Pentagonia_donnell-smithii,5.1,4,0,21.32052697,n
Pentagonia_donnell-smithii,9.3,8,0,23.55591221,n
Pentagonia_donnell-smithii,9.3,4,0,23.55591221,n
Pentagonia_donnell-smithii,4.2,7,0,14.3683736,n
Pentagonia_donnell-smithii,7.2,5,0,23.54574271,n
Pentagonia_donnell-smithii,5.1,4,0,7.977534724,n
Pentagonia_donnell-smithii,5.1,4,0,20.21505627,n
Pentagonia_donnell-smithii,9.5,6,0,26.83148773,n
Pentagonia_donnell-smithii,5.5,6,0,32.3466422,n
Pentagonia_donnell-smithii,5.5,6,0,26.5615902,n
Pentagonia_donnell-smithii,9.3,4,0,27.80344276,n
Pentagonia_donnell-smithii,5.1,8,0,21.32052697,n
Pentagonia_donnell-smithii,5.1,8,0,20.21505627,n
Pentagonia_donnell-smithii,3.4,8,0,30.60770082,n
Pentagonia_donnell-smithii,4.2,7,0,16.4630274,n
Pentagonia_donnell-smithii,9.3,8,0,27.80344276,n
Pentagonia_donnell-smithii,5.5,6,0,40.13896301,n
Pentagonia_donnell-smithii,9.5,6,0,47.88534295,n
Pentagonia_donnell-smithii,5.5,6,0,18.04954873,n
Pentagonia_donnell-smithii,7.2,5,0,18.64903268,n
Pentagonia_donnell-smithii,5.1,8,0,31.86848018,n
Pentagonia_donnell-smithii,2.9,9,0,54.15561651,n
Pentagonia_donnell-smithii,2.9,9,0,6.452256911,n
Pentagonia_donnell-smithii,4.2,7,0,10.21961632,n
Pentagonia_donnell-smithii,4.2,7,0,8.048696016,n
Pentagonia_donnell-smithii,5.1,8,0,7.977534724,n
Pentagonia_donnell-smithii,10,6,0,26.7567893,n
Pentagonia_donnell-smithii,9.3,4,0,30.94380797,n
Pentagonia_donnell-smithii,5.1,4,0,31.86848018,n
Pentagonia_donnell-smithii,10,6,0,19.65636992,n
Pentagonia_donnell-smithii,10,6,0,29.01684123,n
Pentagonia_donnell-smithii,2.9,9,0,24.3000006,n
Pentagonia_donnell-smithii,7.2,5,0,31.18647827,n
Pentagonia_donnell-smithii,4.2,7,0,14.14158306,n
Pentagonia_donnell-smithii,3.4,4,0,30.60770082,n
Pentagonia_donnell-smithii,2.9,9,0,22.20260729,n
Pentagonia_donnell-smithii,3.4,8,0,20.53452946,n
Pentagonia_donnell-smithii,4.2,7,0,46.64253721,n
Pentagonia_donnell-smithii,4.2,7,0,31.27070935,n
Pentagonia_donnell-smithii,4.2,7,0,32.32629818,n
Pentagonia_donnell-smithii,3.4,4,0,20.53452946,n
Perebea_angustifolia,3,9,0,19.18107386,n
Perebea_angustifolia,3,9,0,24.73569576,n
Perebea_angustifolia,3,9,0,40.02852491,n
Perebea_angustifolia,1.3,9,0,34.36493648,n
Peschiera_arborea,61.2,1,1,4.326611117,n
Posoqueria_grandiflora,2.1,5,0,39.59708196,n
Posoqueria_grandiflora,5.1,5,0,21.32052697,n
Posoqueria_grandiflora,5.1,5,0,31.86848018,n
Posoqueria_grandiflora,2.1,5,0,11.67663729,n
Posoqueria_grandiflora,5.1,5,0,20.21505627,n
Posoqueria_grandiflora,2.1,5,0,22.97297731,n
Posoqueria_grandiflora,5.1,5,0,7.977534724,n
Posoqueria_grandiflora,2.1,5,0,6.233535446,n
Posoqueria_grandiflora,2.1,5,0,39.17815449,n
Posoqueria_grandiflora,52.6,9,0,29.52136317,n
Posoqueria_latifolia,11,9,0,11.00743924,n
Posoqueria_latifolia,11,9,0,15.34466761,n
Posoqueria_latifolia,16.3,9,1,15.34015374,n
Posoqueria_latifolia,15.4,9,0,8.357619585,n
Posoqueria_latifolia,10.6,9,1,26.58941672,n
Posoqueria_latifolia,15.1,9,0,9.613957812,n
Posoqueria_latifolia,15.1,9,0,25.73065249,n
Potalia_amara,2.8,5,0,38.63187932,n
Potalia_amara,2.8,5,0,30.67146068,n
Potalia_amara,2.8,5,0,37.34734572,n
Pourouma_bicolor,13,6,0,47.72762408,n
Pourouma_bicolor,13,6,0,17.6514492,n
Pourouma_bicolor,12.3,9,0,65.85640819,n
Pourouma_bicolor,12.3,9,0,30.82366706,n
Pourouma_bicolor,13,6,0,22.33832255,n
Pourouma_bicolor,13,6,0,40.63196192,n
Pourouma_bicolor,12.3,9,0,42.61537013,n
Pourouma_bicolor,12.3,9,0,12.58842998,n
Pourouma_bicolor,12.3,9,0,29.21185375,n
Pourouma_bicolor,12.3,9,0,38.90643937,n
Pouteria_campechiana,2.9,4,0,24.3000006,n
Pouteria_campechiana,2.9,8,0,6.452256911,n
Pouteria_campechiana,2.9,8,0,22.20260729,n
Pouteria_campechiana,2.9,8,0,54.15561651,n
Pouteria_campechiana,2.9,8,0,24.3000006,n
Pouteria_campechiana,2.9,4,0,54.15561651,n
Pouteria_campechiana,2.9,4,0,6.452256911,n
Pouteria_campechiana,2.9,4,0,22.20260729,n
Pouteria_glomerulata,46.5,5,0,11.30630965,n
Pouteria_glomerulata,37.3,8,1,31.92089879,n
Pouteria_glomerulata,38.5,4,1,21.6318885,n
Pouteria_glomerulata,6.7,4,0,14.38187929,n
Pouteria_glomerulata,19.9,6,0,20.45109366,n
Pouteria_glomerulata,46.5,5,0,33.14222801,n
Pouteria_glomerulata,1.1,9,0,26.79658907,n
Pouteria_glomerulata,6.7,4,0,23.47717615,n
Pouteria_glomerulata,6.7,4,0,32.10579673,n
Pouteria_glomerulata,37.3,4,0,22.52826003,n
Pouteria_glomerulata,1.1,9,0,32.40519092,n
Pouteria_glomerulata,6.7,4,0,52.20519901,n
Pouteria_glomerulata,6.7,4,0,37.33431818,n
Pouteria_torta,1.6,4,0,12.98913547,n
Pouteria_torta,1.6,4,0,42.0839081,n
Pouteria_torta,2.8,4,0,38.63187932,n
Pouteria_torta,5.7,4,0,18.64102883,n
Pouteria_torta,2.8,4,0,30.67146068,n
Pouteria_torta,5.7,4,0,48.08405429,n
Pouteria_torta,1.6,4,0,28.30683663,n
Pouteria_torta,2.8,4,0,37.34734572,n
Pouteria_torta,5.7,4,0,32.29384616,n
Pouteria_torta,5.7,4,0,29.53189973,n
Pouteria_torta,1.6,4,0,20.50153827,n
Pouteria_torta,1.6,4,0,11.55301162,n
Pouteria_torta,5.7,4,0,26.96105562,n
Pouteria_torta,1.6,4,0,18.2131447,n
Pouteria_torta,37.5,4,1,33.08618141,n
Pradosia_atroviolacea,17,4,0,16.92208616,n
Pradosia_atroviolacea,17,4,0,59.68706811,n
Pradosia_atroviolacea,10.5,4,0,16.94027745,n
Pradosia_atroviolacea,17,4,0,20.56628552,n
Pradosia_atroviolacea,10.5,4,0,28.95472723,n
Pradosia_atroviolacea,17,4,0,40.14646311,n
Pradosia_atroviolacea,17,4,0,44.50036404,n
Prioria_copaifera,8,8,0,45.82407398,n
Prioria_copaifera,8,8,0,32.62204484,n
Prioria_copaifera,8,8,0,46.67602393,n
Prioria_copaifera,8,4,0,40.01119968,n
Prioria_copaifera,8,4,0,46.67602393,n
Prioria_copaifera,8,8,0,31.6650754,n
Prioria_copaifera,8,8,0,40.01119968,n
Prioria_copaifera,8,4,0,32.62204484,n
Prioria_copaifera,8,4,0,31.6650754,n
Prioria_copaifera,8,4,0,45.82407398,n
Protium_costaricense,6.7,9,0,23.47717615,n
Protium_costaricense,6.7,9,0,37.33431818,n
Protium_costaricense,6.7,9,0,52.20519901,n
Protium_costaricense,6.7,9,0,14.38187929,n
Protium_costaricense,11.3,7,0,21.06230278,n
Protium_costaricense,11.3,7,0,49.79524703,n
Protium_costaricense,6.7,9,0,32.10579673,n
Protium_glabrum,10.7,1,0,45.62260661,n
Protium_glabrum,10.7,1,0,11.04042631,n
Protium_panamense,30.5,8,0,10.67484376,n
Protium_panamense,55,9,0,51.54532201,n
Protium_panamense,47.5,1,0,16.6251406,n
Protium_panamense,47.5,1,0,32.46422983,n
Protium_panamense,30.5,6,0,12.90926159,n
Protium_panamense,30.5,8,0,12.90926159,n
Protium_panamense,30.5,8,0,33.92255786,n
Protium_panamense,30.5,6,0,33.92255786,n
Protium_panamense,30.5,6,0,10.67484376,n
Protium_panamense,55,9,0,17.6690338,n
Protium_panamense,47.5,1,0,32.9987424,n
Protium_panamense,51.8,4,0,35.25785728,n
Protium_panamense,55,9,0,11.90366191,n
Protium_pittieri,14.1,9,0,13.61175551,n
Protium_pittieri,14.1,9,0,29.64667623,n
Protium_pittieri,14.1,9,0,43.6563867,n
Protium_pittieri,14.1,9,0,15.72547843,n
Psychotria_chagrensis,2.6,9,0,13.73523169,n
Psychotria_chagrensis,2.6,9,0,14.70438623,n
Psychotria_chagrensis,2.6,9,0,10.72019044,n
Psychotria_chagrensis,2.6,9,0,24.80229451,n
Psychotria_panamensis,4.4,9,0,13.85235942,n
Psychotria_panamensis,7,9,0,36.69294483,n
Psychotria_panamensis,4.4,9,0,41.90883264,n
Psychotria_panamensis,4.4,9,0,34.10115317,n
Psychotria_panamensis,7,9,0,5.278822169,n
Psychotria_panamensis,7,9,0,18.44410702,n
Psychotria_panamensis,7,9,0,27.36263498,n
Psychotria_panamensis,7,9,0,19.47705507,n
Pterocarpus_officinalis,59.5,4,0,37.98253414,n
Pterocarpus_officinalis,43,9,1,39.6388489,n
Pterocarpus_officinalis,90,4,0,32.98805996,n
Pterocarpus_officinalis,90,4,0,35.20606908,n
Pterocarpus_officinalis,43,9,1,35.93301482,n
Pterocarpus_rohrii,47.4,4,1,11.65078967,n
Pterocarpus_rohrii,23.5,5,0,11.75673757,n
Pterocarpus_rohrii,65.8,5,0,21.42435126,n
Pterocarpus_rohrii,41,9,0,51.00458533,n
Pterocarpus_rohrii,23.5,5,0,3.728946127,n
Pterocarpus_rohrii,42.8,9,0,47.65650378,n
Pterocarpus_rohrii,22.8,4,0,29.07223024,n
Pterocarpus_rohrii,22.8,6,0,44.06043236,n
Pterocarpus_rohrii,15.3,10,0,14.0413817,n
Pterocarpus_rohrii,22.8,8,0,29.07223024,n
Pterocarpus_rohrii,31.6,4,0,38.96093556,n
Pterocarpus_rohrii,22.8,4,0,44.06043236,n
Pterocarpus_rohrii,22.8,4,0,22.12349473,n
Pterocarpus_rohrii,50,6,0,35.99195922,n
Pterocarpus_rohrii,43,9,0,35.14716037,n
Pterocarpus_rohrii,23.5,5,0,12.93678941,n
Pterocarpus_rohrii,18.5,4,0,48.76576678,n
Pterocarpus_rohrii,18.5,4,0,45.48248234,n
Pterocarpus_rohrii,18.5,8,1,5.915864201,n
Pterocarpus_rohrii,41.7,8,1,21.0454268,n
Pterocarpus_rohrii,18.5,8,1,22.08890534,n
Pterocarpus_rohrii,34.1,7,0,8.968708567,n
Pterocarpus_rohrii,7.8,7,0,9.702958312,n
Pterocarpus_rohrii,41.7,4,0,30.37796734,n
Pterocarpus_rohrii,42.5,9,0,17.83962222,n
Pterocarpus_rohrii,18.5,4,0,29.39589087,n
Pterocarpus_rohrii,42.4,5,0,9.916062288,n
Pterocarpus_rohrii,27.4,5,1,13.85351841,n
Pterocarpus_rohrii,22.8,6,0,29.07223024,n
Pterocarpus_rohrii,31.6,4,0,35.88466329,n
Pterocarpus_rohrii,22.8,8,0,44.06043236,n
Pterocarpus_rohrii,22.8,6,0,22.12349473,n
Pterocarpus_rohrii,40.3,4,0,14.18042665,n
Pterocarpus_rohrii,31.6,8,0,38.96093556,n
Pterocarpus_rohrii,50,6,0,38.1075147,n
Pterocarpus_rohrii,7.8,7,0,44.84434619,n
Pterocarpus_rohrii,31.6,8,0,35.88466329,n
Pterocarpus_rohrii,32.2,1,0,10.63356253,n
Pterocarpus_rohrii,22.8,8,0,22.12349473,n
Pterocarpus_rohrii,18.5,4,0,48.13778765,n
Quararibea_parvifolia,7.5,4,0,42.76694635,n
Quararibea_parvifolia,7.5,4,0,26.61732785,n
Quararibea_parvifolia,7.5,4,0,25.85974671,n
Quararibea_parvifolia,7.5,4,0,30.64902495,n
Quararibea_parvifolia,7.5,4,0,39.08529775,n
Quararibea_pumila,2.2,4,0,40.24471145,n
Quararibea_pumila,2.2,4,0,12.10138726,n
Randia_genipoides,6,6,0,11.71385931,n
Randia_genipoides,6,6,0,21.96542371,n
Randia_genipoides,6,6,0,16.33745464,n
Randia_genipoides,6,6,0,9.147929129,n
Randia_grandifolia,3,9,0,19.18107386,n
Randia_grandifolia,3,9,0,24.73569576,n
Randia_grandifolia,4.2,9,0,8.048696016,n
Randia_grandifolia,4.2,9,0,16.4630274,n
Randia_grandifolia,3,9,0,40.02852491,n
Randia_grandifolia,4.2,9,0,32.32629818,n
Randia_grandifolia,4.2,9,0,14.14158306,n
Randia_grandifolia,4.2,9,0,32.51860083,n
Randia_grandifolia,4.2,9,0,10.21961632,n
Randia_grandifolia,4.2,9,0,46.64253721,n
Randia_grandifolia,4.2,9,0,31.27070935,n
Randia_grandifolia,4.2,9,0,14.3683736,n
Rauvolfia_purpurascens,12.3,4,0,38.90643937,n
Rauvolfia_purpurascens,28.9,4,0,25.60450351,n
Rauvolfia_purpurascens,30,1,0,23.78226115,n
Rauvolfia_purpurascens,41.3,5,1,18.33682772,n
Rauvolfia_purpurascens,12.3,4,0,29.21185375,n
Rauvolfia_purpurascens,12.3,4,0,65.85640819,n
Rauvolfia_purpurascens,12.3,4,0,42.61537013,n
Rauvolfia_purpurascens,12.3,4,0,30.82366706,n
Rauvolfia_purpurascens,12.3,4,0,12.58842998,n
Rhodostemonodaphne_kunthiana,15.2,8,0,26.90214861,n
Rhodostemonodaphne_kunthiana,15.2,8,0,18.92909874,n
Rhodostemonodaphne_kunthiana,20,9,1,8.600104242,n
Richeria_dressleri,6.1,4,0,55.67665336,n
Richeria_dressleri,4.9,8,0,47.30066596,n
Richeria_dressleri,2.3,8,0,41.87514874,n
Richeria_dressleri,12.3,5,0,42.61537013,n
Richeria_dressleri,4.9,4,0,47.30066596,n
Richeria_dressleri,4.9,4,0,28.18609721,n
Richeria_dressleri,2.3,4,0,26.81471348,n
Richeria_dressleri,6.1,8,0,35.73290778,n
Richeria_dressleri,12.3,5,0,29.21185375,n
Richeria_dressleri,2.3,8,0,13.62742199,n
Richeria_dressleri,4.9,8,0,28.18609721,n
Richeria_dressleri,6.1,6,0,24.78984866,n
Richeria_dressleri,2.3,6,0,13.62742199,n
Richeria_dressleri,4.9,4,0,7.5666802,n
Richeria_dressleri,6.1,6,0,27.84393003,n
Richeria_dressleri,4.9,8,0,29.44922586,n
Richeria_dressleri,6.1,6,0,55.67665336,n
Richeria_dressleri,6.1,8,0,27.84393003,n
Richeria_dressleri,12.3,7,0,38.90643937,n
Richeria_dressleri,6.1,4,0,35.73290778,n
Richeria_dressleri,2.3,8,0,29.90975761,n
Richeria_dressleri,6.1,4,0,32.68651794,n
Richeria_dressleri,12.3,7,0,12.58842998,n
Richeria_dressleri,6.1,6,0,38.02385041,n
Richeria_dressleri,6.1,8,0,32.68651794,n
Richeria_dressleri,12.3,5,0,65.85640819,n
Richeria_dressleri,6.1,6,0,17.5649936,n
Richeria_dressleri,2.3,4,0,41.87514874,n
Richeria_dressleri,12.3,7,0,42.61537013,n
Richeria_dressleri,4.9,4,0,29.44922586,n
Richeria_dressleri,12.3,7,0,29.21185375,n
Richeria_dressleri,12.3,7,0,30.82366706,n
Richeria_dressleri,2.3,6,0,26.81471348,n
Richeria_dressleri,6.1,6,0,32.68651794,n
Richeria_dressleri,6.1,8,0,38.02385041,n
Richeria_dressleri,12.3,7,0,65.85640819,n
Richeria_dressleri,4.9,8,0,7.5666802,n
Richeria_dressleri,63,6,0,23.61314063,n
Richeria_dressleri,6.1,4,0,47.83744349,n
Richeria_dressleri,12.3,5,0,12.58842998,n
Richeria_dressleri,6.1,4,0,17.5649936,n
Richeria_dressleri,6.1,6,0,47.83744349,n
Richeria_dressleri,6.1,8,0,47.83744349,n
Richeria_dressleri,12.3,5,0,30.82366706,n
Richeria_dressleri,6.1,8,0,55.67665336,n
Richeria_dressleri,6.1,8,0,24.78984866,n
Richeria_dressleri,9.5,6,1,23.75162089,n
Richeria_dressleri,6.1,4,0,27.84393003,n
Richeria_dressleri,2.3,8,0,26.81471348,n
Richeria_dressleri,2.3,4,0,29.90975761,n
Richeria_dressleri,2.3,6,0,41.87514874,n
Richeria_dressleri,2.3,8,0,10.77935195,n
Richeria_dressleri,2.3,4,0,10.77935195,n
Richeria_dressleri,2.3,4,0,13.62742199,n
Richeria_dressleri,6.1,8,0,17.5649936,n
Richeria_dressleri,63,6,0,29.35006133,n
Richeria_dressleri,12.3,5,0,38.90643937,n
Richeria_dressleri,6.1,4,0,24.78984866,n
Richeria_dressleri,6.1,4,0,38.02385041,n
Richeria_dressleri,6.1,6,0,35.73290778,n
Richeria_dressleri,2.3,6,0,10.77935195,n
Richeria_dressleri,2.3,6,0,29.90975761,n
Rinorea_deflexiflora,13.5,8,0,29.17179613,n
Rinorea_deflexiflora,15.3,1,1,14.86336172,n
Rinorea_deflexiflora,13.5,4,0,29.17179613,n
Rinorea_deflexiflora,13.5,8,0,16.44241466,n
Rinorea_deflexiflora,13.5,4,0,64.39059636,n
Rinorea_deflexiflora,13.5,4,0,16.44241466,n
Rinorea_deflexiflora,13.5,8,0,64.39059636,n
Rinorea_deflexiflora,13.5,8,0,46.27968237,n
Rinorea_deflexiflora,9.1,1,1,8.928436067,n
Rinorea_deflexiflora,13.5,10,0,46.27968237,n
Rinorea_deflexiflora,13.5,10,0,64.39059636,n
Rinorea_deflexiflora,13.5,10,0,29.17179613,n
Rinorea_deflexiflora,13.5,4,0,46.27968237,n
Rinorea_deflexiflora,13.5,10,0,16.44241466,n
Rollinia_pittieri,65.5,4,0,49.31343123,n
Rollinia_pittieri,65.5,8,0,36.51304191,n
Rollinia_pittieri,65.5,4,0,36.51304191,n
Rollinia_pittieri,65.5,8,0,49.31343123,n
Sacoglottis_trichogyna,5.2,7,0,20.51048471,n
Sacoglottis_trichogyna,5.2,7,0,28.0904217,n
Sacoglottis_trichogyna,5.2,7,0,22.16036955,n
Sacoglottis_trichogyna,52.5,7,1,9.555531516,n
Sacoglottis_trichogyna,5.2,7,0,7.706454871,n
Sapium_glandulosum,15,9,0,52.17331491,n
Sapium_glandulosum,26.8,6,0,22.73918006,n
Sapium_glandulosum,53.6,4,1,15.02011984,n
Sapium_glandulosum,30.2,6,0,15.24583172,n
Sapium_glandulosum,15,9,0,33.14298483,n
Simarouba_amara,2.6,9,0,13.73523169,n
Simarouba_amara,2.6,9,0,14.70438623,n
Simarouba_amara,16.4,5,0,28.23108862,n
Simarouba_amara,22.6,5,0,6.639433887,n
Simarouba_amara,2.6,9,0,10.72019044,n
Simarouba_amara,2.6,9,0,24.80229451,n
Simira_maxonii,39,9,0,33.1007703,n
Simira_maxonii,34.7,9,0,15.35395592,n
Simira_maxonii,9.1,9,0,7.4623241,n
Simira_maxonii,9.1,9,0,32.95622189,n
Simira_maxonii,4.1,9,0,21.13077386,n
Simira_maxonii,4.1,9,0,3.72484899,n
Simira_maxonii,9.1,9,0,9.878652919,n
Simira_maxonii,4.1,9,0,42.1510366,n
Simira_maxonii,48,8,0,40.11793576,n
Simira_maxonii,46.9,9,0,22.1701996,n
Simira_maxonii,4.6,5,0,9.047166048,n
Simira_maxonii,52.5,8,0,27.87128451,n
Simira_maxonii,4.6,5,0,10.65683554,n
Simira_maxonii,41.8,9,0,4.911539809,n
Simira_maxonii,4.1,9,0,4.834397584,n
Simira_maxonii,46.9,9,0,16.92818092,n
Simira_maxonii,46.9,1,0,16.92818092,n
Simira_maxonii,45,9,0,33.09060874,n
Simira_maxonii,35.2,8,1,19.4712891,n
Simira_maxonii,41.8,4,0,4.911539809,n
Simira_maxonii,46.9,1,0,21.62634241,n
Simira_maxonii,41.8,4,0,22.47533092,n
Simira_maxonii,52.5,4,0,27.87128451,n
Simira_maxonii,52.5,8,0,33.12104904,n
Simira_maxonii,50.4,7,1,6.176268749,n
Simira_maxonii,71,5,0,10.46896507,n
Simira_maxonii,44,9,0,14.10452544,n
Simira_maxonii,46.9,9,0,21.62634241,n
Simira_maxonii,34.7,9,0,23.7188642,n
Simira_maxonii,45,9,0,22.68576289,n
Simira_maxonii,52.5,4,0,33.12104904,n
Simira_maxonii,45,9,0,38.75773302,n
Simira_maxonii,46.9,1,0,22.1701996,n
Simira_maxonii,4.6,5,0,12.90596032,n
Simira_maxonii,48,4,1,24.28173182,n
Simira_maxonii,41.8,9,0,22.47533092,n
Simira_maxonii,9.1,9,0,38.27644648,n
Simira_maxonii,35.2,4,0,42.40381115,n
Simira_maxonii,4.1,9,0,32.33984805,n
Simira_maxonii,50.4,7,1,33.66441295,n
Simira_maxonii,45,9,0,29.56212743,n
Siparuna_pauciflora,4.5,9,0,10.28152468,n
Siparuna_pauciflora,8.5,9,0,44.68018402,n
Siparuna_pauciflora,4.5,9,0,28.86878581,n
Siparuna_pauciflora,4.5,9,0,50.16097344,n
Siparuna_pauciflora,8.5,9,0,22.49189026,n
Siparuna_pauciflora,4.5,9,0,35.46981993,n
Siparuna_pauciflora,8.5,9,0,9.190788867,n
Siparuna_pauciflora,8.5,9,0,7.782328251,n
Siparuna_pauciflora,4.5,9,0,31.48629019,n
Sloanea_geniculata,37,7,1,16.79413529,n
Sloanea_laevigata,4.9,7,0,29.44922586,n
Sloanea_laevigata,7.5,7,0,30.64902495,n
Sloanea_laevigata,4.9,7,0,28.18609721,n
Sloanea_laevigata,1.8,7,0,7.258437224,n
Sloanea_laevigata,7.5,7,0,26.61732785,n
Sloanea_laevigata,7.5,7,0,39.08529775,n
Sloanea_laevigata,7.5,7,0,42.76694635,n
Sloanea_laevigata,1.8,7,0,12.90700451,n
Sloanea_laevigata,1.8,7,0,21.60457551,n
Sloanea_laevigata,4.9,7,0,7.5666802,n
Sloanea_laevigata,4.9,7,0,47.30066596,n
Sloanea_laevigata,7.5,7,0,25.85974671,n
Sloanea_laevigata,1.8,7,0,10.32116757,n
Sloanea_medusula,9.6,7,0,44.94966018,n
Sloanea_medusula,9.6,7,0,27.13782,n
Sloanea_medusula,6.6,7,0,25.18731534,n
Sloanea_medusula,6.6,7,0,18.0866813,n
Sloanea_medusula,9.6,7,0,16.69915208,n
Socratea_exorrhiza,19.2,9,0,41.70192626,n
Socratea_exorrhiza,15.5,5,0,18.21085966,n
Socratea_exorrhiza,16.1,5,0,9.537639592,n
Socratea_exorrhiza,15.5,5,0,22.93147359,n
Socratea_exorrhiza,15.5,5,0,19.09289616,n
Socratea_exorrhiza,17.5,8,0,6.812020081,n
Socratea_exorrhiza,15.5,5,0,40.79278858,n
Socratea_exorrhiza,17.5,8,0,57.00565419,n
Sorocea_pubivena,6.1,9,0,47.83744349,n
Sorocea_pubivena,6.1,9,0,35.73290778,n
Sorocea_pubivena,4.3,6,0,24.39527554,n
Sorocea_pubivena,6.1,9,0,27.84393003,n
Sorocea_pubivena,2.9,9,0,54.15561651,n
Sorocea_pubivena,6.1,9,0,32.68651794,n
Sorocea_pubivena,6.1,9,0,24.78984866,n
Sorocea_pubivena,6.1,9,0,55.67665336,n
Sorocea_pubivena,17.5,6,0,6.812020081,n
Sorocea_pubivena,6.1,9,0,17.5649936,n
Sorocea_pubivena,17.5,6,0,57.00565419,n
Sorocea_pubivena,2.9,9,0,24.3000006,n
Sorocea_pubivena,2.9,9,0,6.452256911,n
Sorocea_pubivena,4.3,6,0,20.55862683,n
Sorocea_pubivena,6.1,9,0,38.02385041,n
Sorocea_pubivena,2.9,9,0,22.20260729,n
Spondias_mombin,10,5,0,29.01684123,c
Spondias_mombin,12.1,4,0,42.91063271,c
Spondias_mombin,10,5,0,26.7567893,c
Spondias_mombin,12.1,4,0,50.87709504,c
Spondias_mombin,12.1,8,0,42.91063271,c
Spondias_mombin,12.1,8,0,50.87709504,c
Spondias_mombin,10,5,0,19.65636992,c
Spondias_radlkoferi,16.7,4,0,30.33841903,c
Spondias_radlkoferi,20.8,6,0,13.51051825,c
Spondias_radlkoferi,25.4,4,0,35.5757572,c
Spondias_radlkoferi,16.8,4,0,10.9,c
Spondias_radlkoferi,20.8,6,0,30.85150239,c
Spondias_radlkoferi,16.7,4,0,24.63376747,c
Spondias_radlkoferi,28.4,6,0,2.448174759,c
Spondias_radlkoferi,20.2,6,0,31.08025817,c
Spondias_radlkoferi,16.8,4,0,43.4612207,c
Spondias_radlkoferi,20.8,4,0,30.85150239,c
Spondias_radlkoferi,20.8,4,0,13.51051825,c
Spondias_radlkoferi,16.7,4,0,17.87649086,c
Spondias_radlkoferi,16.7,8,0,24.63376747,c
Spondias_radlkoferi,16.7,8,0,30.33841903,c
Spondias_radlkoferi,16.7,8,0,17.87649086,c
Spondias_radlkoferi,16.8,4,0,38.85607802,c
Sterculia_recordiana,4,1,0,11.80482622,n
Sterculia_recordiana,4.2,1,0,14.3683736,n
Sterculia_recordiana,4,1,0,17.57327373,n
Sterculia_recordiana,14.7,4,0,50.84502876,n
Sterculia_recordiana,4.2,1,0,10.21961632,n
Sterculia_recordiana,4,1,0,17.99133473,n
Sterculia_recordiana,4.2,1,0,14.14158306,n
Sterculia_recordiana,4.2,1,0,32.51860083,n
Sterculia_recordiana,4.2,1,0,31.27070935,n
Sterculia_recordiana,4.2,1,0,46.64253721,n
Sterculia_recordiana,24,4,0,13.34425121,n
Sterculia_recordiana,14.7,4,0,52.16869272,n
Sterculia_recordiana,4,1,0,24.1524181,n
Sterculia_recordiana,24,4,0,37.24504799,n
Sterculia_recordiana,4.2,1,0,16.4630274,n
Sterculia_recordiana,14.7,8,0,50.84502876,n
Sterculia_recordiana,4.2,1,0,8.048696016,n
Sterculia_recordiana,14.7,8,0,52.16869272,n
Sterculia_recordiana,4.2,1,0,32.32629818,n
Stryphnodendron_microstachyum,58.5,7,1,25.81986392,n
Stryphnodendron_microstachyum,69.5,8,0,21.92244921,n
Stryphnodendron_microstachyum,69.5,10,0,21.92244921,n
Stryphnodendron_microstachyum,53.9,6,0,33.80494314,n
Stryphnodendron_microstachyum,27.5,4,0,45.0632349,n
Stryphnodendron_microstachyum,27.5,8,0,12.41222312,n
Stryphnodendron_microstachyum,27.5,8,0,40.40790146,n
Stryphnodendron_microstachyum,69.5,10,0,27.05133359,n
Stryphnodendron_microstachyum,27.5,4,0,31.88128559,n
Stryphnodendron_microstachyum,58.5,7,1,26.63806373,n
Stryphnodendron_microstachyum,69.5,10,0,29.07032164,n
Stryphnodendron_microstachyum,69.5,8,0,29.07032164,n
Stryphnodendron_microstachyum,27.5,8,0,45.0632349,n
Stryphnodendron_microstachyum,27.5,4,0,12.41222312,n
Stryphnodendron_microstachyum,27.5,8,0,31.88128559,n
Stryphnodendron_microstachyum,56.5,6,0,29.59032604,n
Stryphnodendron_microstachyum,69.5,8,0,27.05133359,n
Stryphnodendron_microstachyum,88.1,10,1,13.9113371,n
Stryphnodendron_microstachyum,58.5,7,1,7.164949407,n
Stryphnodendron_microstachyum,69.5,8,0,2.902447243,n
Stryphnodendron_microstachyum,27.5,4,0,40.40790146,n
Stryphnodendron_microstachyum,88.1,5,0,15.61234889,n
Stryphnodendron_microstachyum,69.5,10,0,2.902447243,n
Swartzia_cubensis,17,4,0,16.92208616,n
Swartzia_cubensis,5.3,4,0,39.29506011,n
Swartzia_cubensis,17,4,0,20.56628552,n
Swartzia_cubensis,5.3,8,0,11.17731941,n
Swartzia_cubensis,17,4,0,40.14646311,n
Swartzia_cubensis,5.3,4,0,58.84815205,n
Swartzia_cubensis,5.3,8,0,32.53951751,n
Swartzia_cubensis,5.3,4,0,11.17731941,n
Swartzia_cubensis,17,4,0,44.50036404,n
Swartzia_cubensis,5.3,8,0,39.29506011,n
Swartzia_cubensis,5.3,4,0,32.53951751,n
Swartzia_cubensis,5.3,8,0,58.84815205,n
Swartzia_cubensis,79.5,8,0,9.506475122,n
Swartzia_cubensis,79.5,8,0,28.24808471,n
Swartzia_cubensis,17,4,0,59.68706811,n
Swartzia_simplex,10.1,9,0,12.68771059,n
Swartzia_simplex,10.1,9,0,8.578712725,n
Swartzia_simplex,10.1,9,0,7.23479265,n
Swartzia_simplex,10.4,4,0,16.38026251,n
Swartzia_simplex,10.1,9,0,24.77883031,n
Synecanthus_warscewiczianus,3.3,9,0,55.3507291,n
Tabebuia_guayacan,14,8,0,16.56701646,n
Tabebuia_guayacan,14,4,0,16.46464361,n
Tabebuia_guayacan,14,4,0,16.56701646,n
Tabebuia_guayacan,14,8,0,37.51902184,n
Tabebuia_guayacan,1.7,8,1,11.90000753,n
Tabebuia_guayacan,1,4,0,22.54532546,n
Tabebuia_guayacan,14,4,0,37.51902184,n
Tabebuia_guayacan,14,8,0,16.46464361,n
Tabebuia_rosea,9.8,8,0,26.37918401,c
Tabebuia_rosea,9.8,4,0,30.0514318,c
Tabebuia_rosea,9.8,4,0,26.37918401,c
Tabebuia_rosea,9.8,4,0,28.99430461,c
Tabebuia_rosea,9.8,8,0,27.86404314,c
Tabebuia_rosea,9.8,8,0,32.93820274,c
Tabebuia_rosea,9.8,4,0,27.86404314,c
Tabebuia_rosea,9.8,8,0,30.0514318,c
Tabebuia_rosea,9.8,4,0,32.93820274,c
Tabebuia_rosea,9.8,8,0,28.99430461,c
Tabernaemontana_arborea,2,1,0,17.84046056,n
Talauma_sambuensis,7.4,4,0,26.23673214,n
Talauma_sambuensis,7.4,4,0,19.85321717,n
Talauma_sambuensis,7.4,4,0,13.14389592,n
Tapirira_myriantha,38,1,0,34.60959661,n
Tapirira_myriantha,6.5,9,0,25.48283272,n
Tapirira_myriantha,5.6,7,0,22.5962639,n
Tapirira_myriantha,7.9,5,1,30.63451579,n
Tapirira_myriantha,26.9,10,1,16.68569747,n
Tapirira_myriantha,6.5,9,0,24.56053837,n
Tapirira_myriantha,6.5,9,0,39.72867892,n
Tapirira_myriantha,6.5,9,0,37.51389546,n
Tapirira_myriantha,7.9,7,0,27.08082023,n
Tapirira_myriantha,7.9,7,0,35.76550746,n
Terminalia_amazonia,2.4,4,0,31.69789803,c
Terminalia_amazonia,15.6,4,0,16.61633233,c
Terminalia_amazonia,13.6,4,0,7.10583563,c
Terminalia_amazonia,4.1,4,0,42.1510366,c
Terminalia_amazonia,16.5,4,0,36.90621393,c
Terminalia_amazonia,15.6,4,0,16.48838912,c
Terminalia_amazonia,16.5,4,0,52.93771713,c
Terminalia_amazonia,3.5,4,1,2.845487656,c
Terminalia_amazonia,16.5,4,0,7.729074977,c
Terminalia_amazonia,2.4,4,0,16.11628059,c
Terminalia_amazonia,16.5,4,0,20.23804066,c
Terminalia_amazonia,4.1,4,0,32.33984805,c
Terminalia_amazonia,4.1,4,0,4.834397584,c
Terminalia_amazonia,16.5,4,0,21.37854298,c
Terminalia_amazonia,4.1,4,0,21.13077386,c
Terminalia_amazonia,4.1,4,0,3.72484899,c
Terminalia_amazonia,16.5,4,0,40.43855759,c
Terminalia_oblonga,97,4,1,9.242391465,n
Terminalia_oblonga,31,9,1,40.64935042,n
Terminalia_oblonga,7.8,4,1,39.0766887,n
Terminalia_oblonga,80,6,1,37.63211535,n
Terminalia_oblonga,87,7,1,7.915262142,n
Terminalia_oblonga,90,4,0,32.98805996,n
Terminalia_oblonga,14.1,4,0,15.72547843,n
Terminalia_oblonga,14.1,4,0,13.61175551,n
Terminalia_oblonga,16.5,4,1,20.21563998,n
Terminalia_oblonga,90,4,0,35.20606908,n
Terminalia_oblonga,7.8,4,1,12.67818966,n
Terminalia_oblonga,14.1,4,0,43.6563867,n
Terminalia_oblonga,14.1,4,0,29.64667623,n
Theobroma_mammosum,14.3,10,0,20.41336817,n
Theobroma_mammosum,12.2,1,0,15.68749828,n
Theobroma_mammosum,14.3,10,0,23.02140308,n
Theobroma_simiarum,14.8,1,0,14.81303253,n
Theobroma_simiarum,14.8,1,0,4.866606498,n
Theobroma_simiarum,14.8,1,0,16.04060609,n
Theobroma_simiarum,14.8,1,0,30.06721518,n
Tovomita_weddelliana,2.1,5,0,39.59708196,n
Tovomita_weddelliana,2.1,5,0,39.17815449,n
Tovomita_weddelliana,2.1,5,0,6.233535446,n
Tovomita_weddelliana,2.1,5,0,11.67663729,n
Tovomita_weddelliana,2.1,5,0,22.97297731,n
Trema_integerrima,16.8,9,0,10.9,n
Trema_integerrima,16.8,9,0,38.85607802,n
Trema_integerrima,16.8,9,0,43.4612207,n
Trophis_racemosa,6,4,0,16.33745464,n
Trophis_racemosa,9.4,6,0,18.3359892,n
Trophis_racemosa,26.1,6,1,21.9280839,n
Trophis_racemosa,4.8,7,0,12.00026092,n
Trophis_racemosa,9.4,6,0,21.99460381,n
Trophis_racemosa,4.8,7,0,16.02286179,n
Trophis_racemosa,6,4,0,21.96542371,n
Trophis_racemosa,6,4,0,11.71385931,n
Trophis_racemosa,6.6,6,0,25.18731534,n
Trophis_racemosa,4.6,6,0,12.90596032,n
Trophis_racemosa,4.6,6,0,10.65683554,n
Trophis_racemosa,6,4,0,9.147929129,n
Trophis_racemosa,4.6,6,0,9.047166048,n
Trophis_racemosa,6.6,6,0,18.0866813,n
Unonopsis_pittieri,17,4,0,20.56628552,n
Unonopsis_pittieri,17,4,0,40.14646311,n
Unonopsis_pittieri,17,4,0,16.92208616,n
Unonopsis_pittieri,17,4,0,59.68706811,n
Unonopsis_pittieri,17,4,0,44.50036404,n
Virola_koschnyi,66.5,8,0,14.12183909,n
Virola_koschnyi,16.7,9,0,24.63376747,n
Virola_koschnyi,68,1,1,18.17549919,n
Virola_koschnyi,66.5,8,0,18.09489707,n
Virola_koschnyi,84,5,0,30.13965973,n
Virola_koschnyi,8.1,4,1,34.24699257,n
Virola_koschnyi,15.2,4,0,18.92909874,n
Virola_koschnyi,15.2,4,0,26.90214861,n
Virola_koschnyi,8.1,9,0,20.76391742,n
Virola_koschnyi,16.7,9,0,30.33841903,n
Virola_koschnyi,66.5,8,0,4.161102364,n
Virola_koschnyi,58.5,7,0,24.02927069,n
Virola_koschnyi,16.7,9,0,17.87649086,n
Virola_sebifera,37.4,7,1,33.21824026,n
Virola_sebifera,4.9,5,0,29.44922586,n
Virola_sebifera,17.8,9,0,21.17048592,n
Virola_sebifera,4.9,5,0,7.5666802,n
Virola_sebifera,17.8,9,0,43.13952248,n
Virola_sebifera,43.5,9,1,19.36546086,n
Virola_sebifera,4.9,5,0,28.18609721,n
Virola_sebifera,9.1,9,0,38.27644648,n
Virola_sebifera,4.9,5,0,47.30066596,n
Virola_sebifera,9.3,9,0,27.80344276,n
Virola_sebifera,17.8,9,0,30.4630936,n
Virola_sebifera,9.1,9,0,32.95622189,n
Virola_sebifera,9.3,9,0,23.55591221,n
Virola_sebifera,9.1,9,0,7.4623241,n
Virola_sebifera,9.1,9,0,9.878652919,n
Virola_sebifera,9.3,9,0,30.94380797,n
Vochysia_ferruginea,5,4,0,21.25805855,n
Vochysia_ferruginea,5,4,0,15.70673741,n
Vochysia_guatemalensis,25,4,0,50.38903055,n
Vochysia_guatemalensis,25,4,0,23.09181351,n
Vochysia_guatemalensis,25,4,0,27.59932246,n
Vochysia_guatemalensis,42,4,0,8.36876335,n
Vochysia_guatemalensis,25,4,0,30.03531784,n
Vochysia_guatemalensis,7.2,4,0,31.18647827,n
Vochysia_guatemalensis,7.2,4,0,23.54574271,n
Vochysia_guatemalensis,25,4,0,22.89576064,n
Vochysia_guatemalensis,7.2,4,0,18.64903268,n
Warscewiczia_coccinea,16.5,1,0,21.37854298,n
Warscewiczia_coccinea,16.5,1,0,7.729074977,n
Warscewiczia_coccinea,16.5,1,0,20.23804066,n
Warscewiczia_coccinea,16.5,1,0,36.90621393,n
Warscewiczia_coccinea,24.1,9,0,31.95776119,n
Warscewiczia_coccinea,7.1,4,0,15.72509459,n
Warscewiczia_coccinea,23.5,9,0,12.93678941,n
Warscewiczia_coccinea,20.5,1,0,32.71498327,n
Warscewiczia_coccinea,8.3,9,0,36.02564793,n
Warscewiczia_coccinea,7.1,4,0,22.25578053,n
Warscewiczia_coccinea,23.5,9,0,3.728946127,n
Warscewiczia_coccinea,16.5,1,0,40.43855759,n
Warscewiczia_coccinea,13.7,7,0,7.431910971,n
Warscewiczia_coccinea,16.5,1,0,52.93771713,n
Warscewiczia_coccinea,23.5,9,0,11.75673757,n
Warscewiczia_coccinea,8.3,9,0,9.031081177,n
Warscewiczia_coccinea,27.6,4,0,41.74424152,n
Warscewiczia_coccinea,24.1,9,0,11.59311754,n
Warscewiczia_coccinea,23.9,4,0,25.24085973,n
Warscewiczia_coccinea,13.7,7,0,11.14255088,n
Warscewiczia_coccinea,27.6,4,0,30.8087731,n
Welfia_regia,21.6,9,0,27.56490522,n
Welfia_regia,16.2,1,0,16.10693869,n
Welfia_regia,21.2,6,0,28.40090501,n
Welfia_regia,12,4,0,49.592274,n
Welfia_regia,14,9,0,16.56701646,n
Welfia_regia,14,9,0,16.46464361,n
Welfia_regia,18.9,6,0,30.73556196,n
Welfia_regia,16.2,1,0,25.81141315,n
Welfia_regia,12,4,0,24.64786384,n
Welfia_regia,12,4,0,11.46994769,n
Welfia_regia,14,9,0,37.51902184,n
Welfia_regia,21.6,9,0,49.3852559,n
Welfia_regia,19.3,5,0,26.50468151,n
Xylosma_chlorantha,4.5,7,0,35.46981993,n
Xylosma_chlorantha,4.5,7,0,50.16097344,n
Xylosma_chlorantha,4.5,7,0,31.48629019,n
Xylosma_chlorantha,1.9,7,0,7.205597656,n
Xylosma_chlorantha,4.5,7,0,10.28152468,n
Xylosma_chlorantha,1.9,7,0,29.95592929,n
Xylosma_chlorantha,1.9,7,0,20.99767235,n
Xylosma_chlorantha,4.5,7,0,28.86878581,n
Zigia_gigantifoliola,7,5,0,5.278822169,n
Zigia_gigantifoliola,7,5,0,18.44410702,n
Zigia_gigantifoliola,6.2,5,0,14.5983047,n
Zigia_gigantifoliola,2.6,5,0,13.73523169,n
Zigia_gigantifoliola,4.6,5,0,10.65683554,n
Zigia_gigantifoliola,6.2,5,0,23.88246265,n
Zigia_gigantifoliola,7,5,0,36.69294483,n
Zigia_gigantifoliola,4.6,5,0,12.90596032,n
Zigia_gigantifoliola,6.2,5,0,12.02018549,n
Zigia_gigantifoliola,2.6,5,0,24.80229451,n
Zigia_gigantifoliola,6.2,5,0,12.79854495,n
Zigia_gigantifoliola,6.2,5,0,14.09592078,n
Zigia_gigantifoliola,2.6,5,0,10.72019044,n
Zigia_gigantifoliola,2.6,5,0,14.70438623,n
Zigia_gigantifoliola,4.6,5,0,9.047166048,n
Zigia_gigantifoliola,7,5,0,27.36263498,n
Zigia_gigantifoliola,6.2,5,0,29.62966285,n
Zigia_gigantifoliola,6.2,5,0,43.47608538,n
Zigia_gigantifoliola,2.2,5,0,12.10138726,n
Zigia_gigantifoliola,7,5,0,19.47705507,n
Zigia_gigantifoliola,2.2,5,0,40.24471145,n
Zigia_longifolia,10.6,5,0,15.58073852,n
